id,country,country_slug,institutions_resources,safety_frameworks,safety_outcomes,ul_safety_index,transport_injuries,transport_injuries_rating,falls,falls_rating,drowning,drowning_rating,fires_heat_hot_substances,fires_heat_hot_substances_rating,poisonings,poisonings_rating,exposure_to_mechanical_forces,exposure_to_mechanical_forces_rating,foreign_body,foreign_body_rating,unintentional_injuries,other_unintentional_injuries,other_unintentional_injuries_rating,exposure_to_forces_of_nature_disaster,exposure_to_forces_of_nature_disaster_rating,gdp_per_capita,gdp_per_capita_rating,network_readiness_rating,government_effectiveness_rating,education_rating,consumer_protection_survey_rating,ul_labor_rights_index_rating,un_region,un_sub_region,un_development_status,who_region,population,population_decile,population_under_15,youth_population_group,population_over_65,older_population_group,gdp,gdp_decile,iso_abbreviation,iso_membership,iec_membership,government_effectiveness,education,network_readiness,ul_standards_index,ul_standards_index_rating,consumer_protection_survey,ul_labor_rights_index
1,Afghanistan,Afghanistan,19.0883318,48.0795238,46.4030808,34.92140025,2597.76584,28.45073796,831.8815464,50.75356994,1045.018781,0,286.1044756,46.52427014,141.5772786,63.6021886,447.0774644,35.13398504,53.67289355,97.21019572,6495.524743,1069.883022,0,22.5434415,95.9527802,661.969562,16.54868281,NULL,17.80821918,22.90809328,71.42857138,32.81,Asia,Southern Asia,Least Developed,Eastern Mediterrainian,32247000,2,0.45,40-45%,0.02,1-4%,20038215159,6,AFG,Member body,Affiliate Country,-1.43,0.365,NULL,6,40,0.818181818,32.81
2,Albania,Albania,46.5860299,44.615,82.8714868,55.63916149,564.9972171,90.62942234,775.9649158,54.28908628,169.1526632,85.27594906,42.387168,95.3439417,41.00448121,89.79046287,295.2977611,59.54270896,18.52894411,99.41716061,2215.542119,307.9050339,71.60921508,0.303934236,99.94543474,4458.073207,47.64097026,39.40217391,42.92237443,56.37860082,,49.23,Europe,Southern Europe,Developed,European,2892000,7,0.19,15-19%,0.12,10-14%,13211513726,7,ALB,Correspondent member,Associate Member,-0.33,0.609,3.75,6,40,,49.23
3,Algeria,Algeria,40.4803283,46.4216667,89.8991554,55.28069005,1180.474503,71.8030948,148.8943779,93.9377223,218.8364244,80.43864596,117.4153736,80.31483937,45.64123312,88.58309334,43.72395285,100,13.84074318,99.7115696,1833.217056,62.16009201,94.70384862,2.230355462,99.5995847,5504.181309,51.0773201,13.04347826,36.75799087,61.04252401,,19.51,Africa,Northern Africa,Developing,Africa,39948000,2,0.28,25-29%,0.06,5-9%,2.13518E+11,3,DZA,Member body,Full Member,-0.6,0.643,2.78,11,73.33333333,,19.51
4,Andorra,Andorra,78.216777,9.135,92.7819355,40.47224531,278.1710539,99.40291149,794.4330965,53.12137367,22.60904943,99.54370699,32.84717309,97.25492382,6.545712101,98.76322409,85.23335194,93.32459189,30.53382463,98.66327978,1309.771444,59.39818262,94.96340751,0,100,42806.52255,84.5159754,,85.38812785,64.74622771,,18.27,Europe,Southern Europe,Developed,European,78000,10,0.15,15-19%,0.18,15-19%,3249100675,9,AND,Non Member,Non Member,1.53,0.67,,0,0,,18.27
5,Angola,Angola,36.6653074,27.8833333,57.6515557,38.91679057,1873.397982,50.60782948,350.0497097,81.2190024,845.0630538,19.46806031,495.5552723,4.568615846,148.5462509,61.78752934,431.8114143,37.58902213,348.4863023,78.69654399,4658.114277,164.1224109,85.12162743,1.081881233,99.80577007,5295.210896,50.44634211,,21.68949772,37.8600823,,29.1,Africa,Middle Africa,Least Developed,Africa,25000000,3,0.47,45%+,0.02,1-4%,1.38357E+11,3,AGO,Correspondent member,Affiliate Country,-1.26,0.474,,4,26.66666667,,29.1
6,Antigua and Barbuda,Antigua and Barbuda,64.3940499,58.0016667,89.5568823,69.41634238,719.3688042,85.90747706,200.3753706,90.68266403,207.2692443,81.56484806,71.88486396,89.43517862,16.11159929,96.27235097,198.2927922,75.14273619,104.6906451,94.00639001,1593.676078,70.62477793,93.90835383,5.057980753,99.09194167,13342.085,65.51148052,,61.41552511,66.25514403,,82.67,Americas,Caribbean,Developing,Americas,90000,10,0.24,20-24%,0.08,5-9%,1220976011,10,ATG,Subscriber member,Affiliate Country,0.48,0.681,,5,33.33333333,,82.67
7,Argentina,Argentina,55.7206192,91.8422222,86.2177945,76.12928345,852.8305655,81.82512522,347.0991122,81.40556381,126.9528004,89.38460594,81.10684242,87.58789923,37.5433761,90.69170428,271.6309315,63.3487324,155.8189714,90.79564043,1969.617889,90.28758244,92.06048156,6.347706921,98.86039737,14623.47869,67.00646858,31.79347826,43.83561644,80.24691358,100,88.86,Americas,South America,Developing,Americas,42426000,2,0.24,20-24%,0.11,10-14%,5.3766E+11,2,ARG,Member body,Full Member,-0.29,0.783,3.47,13,86.66666667,1,88.86
8,Armenia,Armenia,51.0898215,43.6865079,85.751691,57.62905122,855.5652595,81.74147592,567.0398417,67.49907418,219.0746966,80.41544734,98.40209341,84.12344083,26.22968036,93.63769141,155.6704213,81.99712885,44.04898303,97.81455673,2136.367213,170.3215017,84.53904888,0.014735896,99.99735447,3486.145636,43.63195006,39.67391304,52.05479452,68.99862826,57.14285708,27.25,Asia,Western Asia,Developing,European,3017106,7,0.19,15-19%,0.11,10-14%,11644438423,7,ARM,Member body,Affiliate Country,0.07,0.701,3.76,7,46.66666667,0.727272727,27.25
9,Australia,Australia,89.952941,96.08,93.6603912,93.19689491,483.721891,93.11548632,398.7442534,78.1401267,60.40566137,95.86375877,34.26695475,96.97052353,12.86007204,97.11902015,131.795989,85.83653829,43.05164808,97.87718723,1191.70605,26.85440931,98.02180828,0.005170585,99.99907173,67473.0338,91.93405915,80.43478261,87.44292237,100,100,88.24,Oceania,Australia and New Zealand,Developed,Western Pacific,23888000,3,0.19,15-19%,0.15,15-19%,1.45468E+12,1,AUS,Member body,Full Member,1.62,0.927,5.26,15,100,1,88.24
10,Austria,Austria,83.8587506,100,90.9013768,91.34952279,412.3017618,95.3000978,896.178622,46.68817188,30.85513653,98.74085266,25.94965161,98.63658496,7.395253325,98.54201101,132.0887262,85.78946124,40.56396338,98.03340851,1589.625729,44.27863009,96.38431376,0.013983699,99.99748951,50513.38542,87.21475933,80.16304348,86.30136986,81.7558299,,100,Europe,Western Europe,Developed,European,8615955,5,0.14,10-14%,0.18,15-19%,4.36888E+11,2,AUT,Member body,Full Member,1.57,0.794,5.25,15,100,,100
11,Azerbaijan,Azerbaijan,53.6963365,41.98,83.4986763,57.30892039,700.5246963,86.48388395,570.844869,67.25848858,256.3984004,76.78154234,192.6266063,65.24907439,43.11820701,89.24006721,190.1743445,76.44831885,28.55683736,98.78743035,2080.777411,97.99260736,91.33637824,0.540842465,99.90290265,7811.621418,56.78477143,49.18478261,39.9543379,68.86145405,,43.96,Asia,Western Asia,Developing,European,9651000,5,0.22,20-24%,0.06,5-9%,75198010965,4,AZE,Member body,Affiliate Country,-0.46,0.7,4.11,6,40,,43.96
12,Bahamas,Bahamas,71.5899702,57.5483333,87.4744409,71.16318366,916.6020638,79.87447141,225.4720085,89.095845,245.8532192,77.80824073,78.05088299,88.20004671,18.22327608,95.72248886,230.6824992,69.93392764,109.1941132,93.72358184,1904.503269,79.53728641,93.07077355,0.887919731,99.84059194,22315.60365,73.89669325,,70.0913242,70.781893,,68.43,Americas,Caribbean,Developing,Americas,377000,9,0.26,25-29%,0.07,5-9%,8510500000,8,BHS,Correspondent member,Affiliate Country,0.86,0.714,,7,46.66666667,,68.43
13,Bahrain,Bahrain,69.6422186,44.9433333,96.3148684,67.05179435,718.6299305,85.93007786,83.90257189,98.04704702,51.97718288,96.68437107,44.12258054,94.99631653,5.999453747,98.90546497,61.92439413,97.07306355,9.247746087,100,1032.711382,56.90752232,95.19747494,0,100,24378.94483,75.33835136,68.75,63.69863014,70.781893,,23.22,Asia,Western Asia,Developing,Eastern Mediterrainian,1412299,8,0.21,20-24%,0.02,1-4%,33851063830,5,BHR,Member body,Associate Member,0.58,0.714,4.83,10,66.66666667,,23.22
14,Bangladesh,Bangladesh,28.3511282,33.31,83.1881128,42.82875173,473.7697016,93.41990564,321.6762669,83.01300839,968.6436359,7.436025724,61.64969703,91.48541253,14.8232624,96.6078226,78.86301465,94.34904905,45.82419361,97.7030773,2113.852101,126.3764711,88.66891772,22.22585797,96.00979591,954.3963997,22.51297452,25,31.73515982,34.1563786,,26.62,Asia,Southern Asia,Least Developed,South-East Asia,160411000,1,0.33,30-34%,0.05,5-9%,1.72887E+11,3,BGD,Member body,Affiliate Country,-0.82,0.447,3.22,6,40,,26.62
15,Barbados,Barbados,70.6812632,55.85,89.6518401,70.7341104,692.1138708,86.74115576,239.6365374,88.2002452,177.1899406,84.49342483,71.62711945,89.48680812,13.70597742,96.89875381,205.5814253,73.97060165,103.4450907,94.08460816,1580,80.33262312,92.99602935,0.028216559,99.99493429,15153.82138,67.58722191,59.51086957,81.27853881,74.3484225,,51.7,Americas,Caribbean,Developing,Americas,278000,9,0.2,20-24%,0.13,10-14%,4354500000,8,BRB,Member body,Affiliate Country,1.35,0.74,4.49,9,60,,51.7
16,Belarus,Belarus,56.9715707,50.4533333,67.7170012,57.95380096,1306.281889,67.95487634,784.0900426,53.77534791,573.0414834,45.95258473,316.989486,40.33761036,152.7187096,60.7010577,220.5641382,71.56112993,231.5395194,86.04055191,3770.541721,185.3164424,83.12985341,0.0000104,99.99999813,7722.123351,56.59691901,,28.99543379,85.3223594,,14.24,Europe,Eastern Europe,Developed,European,9524247,5,0.16,15-19%,0.14,10-14%,76139250365,4,BLR,Member body,Full Member,-0.94,0.82,,13,86.66666667,,14.24
17,Belgium,Belgium,83.2710464,86.5233333,86.6488114,85.46663883,801.3041142,83.40122538,1025.704331,38.4984749,30.47091374,98.7782613,48.90494028,94.03834914,17.92216144,95.80089647,165.9720727,80.34045039,86.25960267,95.16382006,2248.114464,71.56342495,93.8201416,0.012903054,99.99768352,46927.24898,86.01427247,76.08695652,86.75799087,84.22496571,100,79.57,Europe,Western Europe,Developed,European,11211064,4,0.17,15-19%,0.18,15-19%,5.31547E+11,2,BEL,Member body,Non Member,1.59,0.812,5.1,12,80,1,79.57
18,Belize,Belize,54.0133252,31.9783333,85.0215537,52.75884249,1083.572247,74.76715806,186.1164909,91.58422948,317.7768653,70.8056212,95.27711708,84.74941327,25.76935961,93.7575549,260.4074754,65.15365253,157.8674228,90.66700206,2198.304832,70.17278988,93.95083079,1.345064278,99.75852086,4719.137955,48.56871651,,46.11872146,67.35253772,,57.29,Americas,Central America,Developing,Americas,368000,9,0.36,35-39%,0.04,1-4%,1699154132,9,BLZ,Non Member,Affiliate Country,-0.19,0.689,,1,6.666666667,,57.29
19,Benin,Benin,26.3672943,85.3822222,85.2478714,57.68180668,1291.055506,68.42062362,260.1099958,86.90574219,267.7938804,75.67205728,101.8454164,83.43369951,44.58424513,88.85832374,199.4964014,74.94917563,74.86154536,95.87959369,2318.355139,78.06502879,93.20913347,0.543119859,99.90249379,804.7892605,19.73348244,18.20652174,37.89954338,29.62962963,100,89.48,Africa,Western Africa,Least Developed,Africa,10583034,4,0.45,40-45%,0.03,1-4%,9575356735,7,BEN,Member body,Associate Member,-0.55,0.414,2.97,10,66.66666667,1,89.48
20,Bhutan,Bhutan,42.180158,57.6083333,67.8005716,54.82041127,1011.158167,76.98217268,333.0486929,82.29394865,291.6918843,73.34530331,391.9753303,25.31699354,385.8335424,0,153.0848059,82.4129392,119.7951977,93.0578564,2933.750302,241.0642333,77.89078402,6.098448509,98.90514669,2360.421517,37.27482595,,58.67579909,30.58984911,,88.55,Asia,Southern Asia,Least Developed,South-East Asia,757000,8,0.31,30-34%,0.05,5-9%,1958803867,9,BTN,Correspondent member,Affiliate Country,0.36,0.421,,4,26.66666667,,88.55
21,Bolivia (Plurinational State of),Bolivia,41.6950988,41.1333333,62.8427443,47.58952295,1595.58646,59.10557721,211.4557417,89.98207044,503.7526397,52.69867501,108.1873513,82.16332942,234.9060017,39.30020774,289.5135787,60.47290257,1601.658649,0,4734.800993,179.7799823,83.6501592,9.960588325,98.21177746,2942.438536,40.86779162,19.29347826,41.32420091,65.29492455,,35.6,Americas,South America,Developing,Americas,10475500,5,0.31,30-34%,0.06,5-9%,32996187988,5,BOL,Correspondent member,Affiliate Country,-0.4,0.674,3.01,7,46.66666667,,35.6
22,Bosnia and Herzegovina,Bosnia and Herzegovina,48.0065095,53.3333333,89.3306997,61.15517282,261.8741774,99.90140322,865.6957114,48.61555605,21.61457247,99.64053111,23.03701177,99.22002371,75.90527328,80.70260275,157.8141306,81.65238441,15.14759979,99.6295018,1484.110996,62.92310275,94.63214234,0.099416862,99.98215171,4668.804076,48.39390554,40.76086957,40.1826484,62.68861454,,,Europe,Southern Europe,Developed,European,3650114,7,0.15,15-19%,0.16,15-19%,18286273233,6,BIH,Member body,Associate Member,-0.45,0.655,3.8,8,53.33333333,,
23,Botswana,Botswana,50.4820516,54.835,83.913616,61.47177592,1043.613489,75.98942358,254.4015838,87.26667567,193.4911214,82.90631165,160.0787449,71.76882434,47.77024936,88.02871619,278.2182248,62.28938507,113.4239387,93.45795784,2165.479044,74.12355534,93.57954551,0.358136475,99.93570383,6882.259587,54.71985283,32.60869565,56.84931507,57.75034294,,69.67,Africa,Southern Africa,Developing,Africa,2139900,7,0.33,30-34%,0.05,5-9%,15813364345,6,BWA,Member body,Affiliate Country,0.28,0.619,3.5,6,40,,69.67
24,Brazil,Brazil,55.2270218,90.3033333,89.6242966,76.45872563,1172.745051,72.03952464,302.2025343,84.24430039,199.6850605,82.30325825,39.07146062,96.00811999,9.076713689,98.10417348,105.1171748,90.12693942,87.9328015,95.05874676,2041.40597,125.4510894,88.7558833,0.12408408,99.97772321,11711.06334,63.38585567,45.38043478,48.63013699,63.51165981,100,70.91,Americas,South America,Developing,Americas,204519398,1,0.24,20-24%,0.07,5-9%,2.34608E+12,1,BRA,Member body,Full Member,-0.08,0.661,3.97,15,100,1,70.91
25,Brunei Darussalam,Brunei Darussalam,67.5253713,35.8733333,92.596862,60.75914598,692.7303859,86.72229769,242.8616423,87.99632714,191.9138622,83.05987653,44.0605498,95.00874207,5.389424972,99.06431112,127.1380774,86.58560866,59.99618224,96.81310671,1389.883861,25.79373665,98.12148824,0,100,39152.30848,83.06131784,49.18478261,70.0913242,67.76406036,,25.08,Asia,South-Eastern Asia,Developing,Western Pacific,413000,9,0.25,25-29%,0.05,5-9%,17104656669,6,BRN,Correspondent member,Affiliate Country,0.86,0.692,4.11,7,46.66666667,,25.08
26,Bulgaria,Bulgaria,57.0614729,73.685,83.0110539,70.40756602,538.1067228,91.45195351,1146.186627,30.880578,120.121767,90.04968802,58.24083436,92.16825101,34.81681424,91.40167707,255.5203048,65.9395916,63.69238218,96.58099326,2343.506509,126.8165658,88.62755847,0.0044911,99.99919371,7498.831484,56.11857904,42.66304348,53.88127854,75.5829904,,47.37,Europe,Eastern Europe,Developed,European,7181000,5,0.14,10-14%,0.2,20-26%,56717054674,4,BGR,Member body,Full Member,0.15,0.749,3.87,15,100,,47.37
27,Burkina Faso,Burkina Faso,18.6767425,67.7633333,76.9599446,46.01013909,1684.597251,56.38289947,288.4517866,85.11373749,499.7775115,53.08570086,214.4930054,60.86895698,59.25660962,85.03776873,245.9627264,67.47661063,102.4735603,94.14561819,3201.51604,106.4063018,90.54567554,0.097287962,99.98253391,709.7828128,17.68558481,13.58695652,36.30136986,7.133058985,,88.86,Africa,Western Africa,Least Developed,Africa,18450400,3,0.45,40-45%,0.02,1-4%,12542221942,7,BFA,Correspondent member,Affiliate Country,-0.62,0.25,2.8,7,46.66666667,,88.86
28,Burundi,Burundi,12.7238072,21.0733333,75.5167422,27.25615063,1060.869217,75.46160234,172.0245637,92.4752388,449.2721477,58.00299672,288.5652816,46.03133945,67.59674389,82.86607092,441.992832,35.95167927,59.74899732,96.8286294,2630.586331,90.4482733,92.04538014,0.06827432,99.98774272,259.3652026,1.273867284,0,26.02739726,23.59396433,,15.48,Africa,Eastern Africa,Least Developed,Africa,10742000,4,0.46,45%+,0.03,1-4%,3093647227,9,BDI,Correspondent member,Affiliate Country,-1.07,0.37,2.3,4,26.66666667,,15.48
29,Cabo Verde,Cabo Verde,44.1922679,38.55,87.3249463,52.98704087,387.3740616,96.06259068,435.595035,75.81011255,236.7542383,78.69413438,78.51788626,88.10650002,42.71132471,89.34601579,134.3969369,85.41826221,69.24637156,96.2322146,1642.817376,257.9446329,76.30439677,0.276889196,99.95029013,3623.224045,44.26068311,40.2173913,53.19634703,39.09465021,,77.1,Africa,Western Africa,Developing,Africa,514000,9,0.31,30-34%,0.06,5-9%,1871187071,9,CPV,Non Member,Non Member,0.12,0.483,3.78,0,0,,77.1
30,Cambodia,Cambodia,30.4720797,31.2883333,82.6679532,42.87530639,1368.110389,66.0636553,168.1035424,92.72315851,546.8018397,48.50732509,118.6298283,80.07156867,36.39077645,90.99183112,172.0580142,79.36172884,85.27693152,95.22552971,2589.129743,85.95592652,92.46756219,7.802495219,98.59921951,1009.909922,23.43465362,28.26086957,29.45205479,40.74074074,,35.91,Asia,South-Eastern Asia,Least Developed,Western Pacific,15417100,4,0.31,30-34%,0.06,5-9%,16777820333,6,KHM,Correspondent member,Affiliate Country,-0.92,0.495,3.34,4,26.66666667,,35.91
31,Cameroon,Cameroon,28.9821896,27.8914286,72.4304685,38.83062812,2548.033611,29.97195614,355.3989355,80.88077967,438.6975621,59.03255798,220.5650728,59.65264477,65.0291576,83.53464787,261.2215863,65.02272983,212.7920741,87.21785139,4249.611458,146.8492414,86.74492643,1.024217347,99.81612245,1331.200021,27.9376242,17.66304348,30.82191781,39.50617284,5.71428566,17.96,Africa,Middle Africa,Developing,Africa,23739000,3,0.43,40-45%,0.03,1-4%,32050817633,5,CMR,Member body,Affiliate Country,-0.86,0.486,2.95,9,60,0.4,17.96
32,Canada,Canada,88.3535702,96.2866667,92.6972127,92.38872571,528.6446607,91.74138073,510.0907774,71.0998696,52.59313688,96.62440064,43.49378969,95.12227132,14.32804576,96.73677267,125.6478492,86.82526237,57.69226751,96.95778763,1347.14409,14.63893917,99.16979449,0.01462382,99.99737459,52305.25839,87.78302815,85.32608696,90.86757991,89.43758573,100,88.86,Americas,North America,Developed,Americas,35833000,2,0.16,15-19%,0.16,15-19%,1.78539E+12,1,CAN,Member body,Full Member,1.77,0.85,5.44,15,100,1,88.86
33,Central African Republic,Central African Republic,10.4581533,45.4383333,59.3134637,30.43291555,1878.298281,50.45793827,322.7902251,82.94257465,729.5013158,30.71936537,517.7154719,0.129646465,181.3741297,53.23943765,439.8891554,36.28998578,147.5713875,91.31357107,4342.878332,125.7356568,88.72914021,0.002708681,99.99951371,327.8989609,5.096203004,,9.817351598,16.46090535,,84.21,Africa,Middle Africa,Least Developed,Africa,5551900,6,0.45,40-45%,0.03,1-4%,1722529061,9,CAF,Non Member,Affiliate Country,-1.78,0.318,,1,6.666666667,,84.21
34,Chad,Chad,13.3613094,42.1933333,67.7035656,33.66935521,2099.961241,43.67767264,335.629103,82.13079358,523.7099612,50.75559319,348.4589534,34.03387643,118.8119562,69.53007887,357.5879707,49.52539771,144.0083636,91.53732135,4059.5359,130.6853298,88.26397953,0.683020978,99.87737737,985.0952473,23.02908769,6.25,16.21004566,7.956104252,,77.72,Africa,Middle Africa,Least Developed,Africa,13707000,4,0.48,45%+,0.02,1-4%,13922224561,7,TCD,Non Member,Affiliate Country,-1.5,0.256,2.53,1,6.666666667,,77.72
35,Chile,Chile,71.150716,61.8846032,89.7413054,73.38119097,720.9557834,85.85893426,353.5246508,80.9992876,135.2068899,88.58097248,88.85062961,86.03672032,13.74588038,96.88836343,180.7783854,77.95934678,50.59302011,97.40360519,1613.526975,69.46724435,94.0171366,0.404491245,99.92738176,15741.71166,68.20770152,62.22826087,78.99543379,75.17146776,52.85714283,46.13,Americas,South America,Developing,Americas,18025000,3,0.21,20-24%,0.1,10-14%,2.58062E+11,3,CHL,Member body,Full Member,1.25,0.746,4.59,13,86.66666667,0.7,46.13
36,China,China,52.0689349,76.1666667,85.4932786,69.73088953,1131.418397,73.3036316,312.9379613,83.56551705,253.551118,77.05875903,28.79555459,98.06651446,79.8851565,79.66627606,221.7253779,71.37438309,32.29534563,98.55266003,2176.893248,95.6466386,91.55684784,20.63769854,96.29491788,6991.853866,54.97740558,47.01086957,49.7716895,56.51577503,100,28.5,Asia,Eastern Asia,Developing,Western Pacific,1371920000,1,0.17,15-19%,0.1,10-14%,1.03548E+13,1,CHN,Member body,Full Member,-0.03,0.61,4.03,15,100,1,28.5
37,Colombia,Colombia,51.9420982,80.6433333,89.1170997,72.00284684,1191.777467,71.45735775,201.1965795,90.63074035,223.7031306,79.96481442,43.11744095,95.19765875,15.5675246,96.41402325,149.6636199,82.96312334,137.0882846,91.97188751,2035.984441,72.12823243,93.76706209,1.742160754,99.68723021,8027.97816,57.2301484,43.75,51.36986301,55.41838134,,74.62,Americas,South America,Developing,Americas,48218000,2,0.27,25-29%,0.07,5-9%,3.7774E+11,2,COL,Member body,Full Member,0.04,0.602,3.91,13,86.66666667,,74.62
38,Comoros,Comoros,24.0821811,49.9283333,81.7485186,46.1502714,1527.927576,61.17513906,174.8725055,92.29516814,246.5759666,77.7378727,143.37401,75.11499486,41.84923021,89.57049764,376.3560367,46.50717767,56.86705454,97.00960924,2611.300841,41.92028958,96.60594604,1.558172114,99.72026165,823.0241627,20.0987335,,17.57990868,34.56790123,,93.19,Africa,Eastern Africa,Least Developed,Africa,764000,8,0.41,40-45%,0.03,1-4%,623751050,10,COM,Non Member,Affiliate Country,-1.44,0.45,,1,6.666666667,,93.19
39,Congo,Congo,35.933929,51.2633333,77.4739746,52.25836221,1244.540036,69.843447,280.1210694,85.640475,426.8116976,60.18978778,246.4474367,54.46807862,71.31719057,81.89729924,276.6267331,62.54532365,160.8620907,90.47894332,2795.388991,88.53691209,92.22500617,0.125824768,99.9774107,3205.457783,42.26351926,,22.60273973,42.93552812,,75.86,Africa,Middle Africa,Developing,Africa,4755000,6,0.41,40-45%,0.03,1-4%,14177440495,7,COG,Member body,Affiliate Country,-1.22,0.511,,4,26.66666667,,75.86
40,Costa Rica,Costa Rica,58.8892412,69.33,93.5632801,72.55837243,796.6801341,83.5426645,172.6689531,92.43449512,176.4425809,84.56618916,31.33455166,97.5579211,9.663150997,97.95147035,92.17372854,92.20846284,40.57959699,98.03242675,1370.074472,50.28907223,95.81946406,0.242703868,99.95642742,10461.57682,61.54657068,50.27173913,61.18721461,62.55144033,100,47.99,Americas,Central America,Developing,Americas,4832000,6,0.23,20-24%,0.07,5-9%,49552580683,5,CRI,Member body,Affiliate Country,0.47,0.654,4.15,9,60,1,47.99
41,CÃ´te d'Ivoire,Ivory Coast,27.4041747,60,75.5297025,49.89173236,2034.234176,45.68814367,350.1672412,81.21157107,411.6747482,61.66354924,192.1811153,65.33831189,74.62071928,81.03708934,276.2738467,62.60207371,128.9866927,92.48065016,3582.97512,114.7491403,89.76163174,0.08743999,99.98430192,1447.222711,29.29992102,,26.71232877,26.20027435,,,Africa,Western Africa,Developing,Africa,23281300,3,0.41,40-45%,0.03,1-4%,34253607832,5,CIV,Member body,Affiliate Country,-1.04,0.389,,9,60,,
42,Croatia,Croatia,65.3275073,88.55,88.6394619,80.03941785,797.698578,83.51151216,860.6497824,48.93460182,75.67638623,94.37697269,31.79343205,97.46600153,18.15491231,95.74029018,144.108358,83.8565027,35.19609322,98.37049928,2016.969075,53.68065062,95.50073009,0.010882721,99.99804623,13597.92145,65.82111712,50.81521739,66.21004566,78.46364883,,77.1,Europe,Southern Europe,Developed,European,4215000,6,0.15,15-19%,0.18,15-19%,57113389357,4,HRV,Member body,Full Member,0.69,0.77,4.17,15,100,,77.1
43,Cuba,Cuba,56.5567936,40,91.021709,59.05136199,640.2367599,88.32798196,426.3792463,76.39281167,114.3551718,90.61113442,41.19062037,95.58362538,10.2890814,97.78848356,146.3657189,83.49348117,44.6639309,97.77593932,1540,120.1505554,89.25401722,0.178766012,99.96790617,6789.849597,54.49947671,,40.4109589,74.75994513,,0,Americas,Caribbean,Developing,Americas,11139000,4,0.17,15-19%,0.13,10-14%,77149700000,4,CUB,Member body,Associate Member,-0.44,0.743,,12,80,,0
44,Cyprus,Cyprus,75.0843297,83.5255556,91.5827212,83.12418654,608.5288117,89.29787026,595.39499,65.70622491,85.00676975,93.46854925,20.89405862,99.64928444,7.921311588,98.40503005,153.4166607,82.35957138,28.10320144,98.81591772,1541.866051,42.60022211,96.54204729,0.0000254,99.99999544,27910.61983,77.54382517,62.22826087,81.27853881,79.2866941,100,83.91,Asia,Western Asia,Developing,European,1153000,8,0.17,15-19%,0.12,10-14%,23226158986,6,CYP,Member body,Associate Member,1.35,0.776,4.59,10,66.66666667,1,83.91
45,Czech Republic,Czech Republic,72.6742281,82.67,80.1622735,78.3849701,661.7200573,87.67084708,1533.495994,6.391645432,76.18444021,94.32750761,41.19683202,95.58238111,29.30212443,92.83765393,251.8858908,66.52406637,81.56164686,95.45884164,2865.539454,190.1445924,82.67611322,0.047875737,99.99140488,19858.34346,71.99485501,56.52173913,70.54794521,91.63237311,,65.34,Europe,Eastern Europe,Developed,European,10551227,4,0.15,15-19%,0.17,15-19%,2.0527E+11,3,CZE,Member body,Full Member,0.88,0.866,4.38,15,100,,65.34
46,Democratic People's Republic of Korea,North Korea,6.3926941,46.6666667,78.3116059,28.58724332,1337.446803,67.00159846,342.4101232,81.70204085,362.7718377,66.42482727,57.45728888,92.32520512,105.5252634,72.98981713,210.4581219,73.18634698,26.76061025,98.90022957,2781.542352,146.5523541,86.77282732,192.1599492,65.5015606,,,,6.392694064,,,,Asia,Eastern Asia,Developing,South-East Asia,24983000,3,0.22,20-24%,0.1,10-14%,0,,PRK,Member body,Associate Member,-1.93,,,7,46.66666667,,
47,Democratic Republic of the Congo,Democratic Republic of the Congo,15.6362824,56.315,61.6558353,37.86552011,1101.4021,74.22177538,305.2706549,84.05030819,871.2646116,16.91702807,513.9689673,0.880118911,167.0938395,56.95789996,394.6715219,43.56174023,144.5567021,91.50288686,3644.377115,146.1487171,86.81076035,0,100,413.6970577,8.88528316,,14.15525114,23.86831276,,52.63,Africa,Middle Africa,Least Developed,Africa,73340200,1,0.46,45%+,0.03,1-4%,33121070959,5,COD,Non Member,Affiliate Country,-1.59,0.372,,9,60,,52.63
48,Denmark,Denmark,91.7819806,100,91.6610213,94.40189357,361.1220288,96.86559248,787.7068555,53.5466628,31.77099366,98.65168311,54.05887537,93.0059505,13.84207734,96.86331458,103.4620404,90.39311282,33.89822531,98.45200261,1421.767545,35.903618,97.17138117,0.002830223,99.99949189,59818.63153,89.97110522,89.13043478,95.43378995,92.59259259,,100,Europe,Northern Europe,Developed,European,5676025,6,0.17,15-19%,0.19,15-19%,3.42362E+11,2,DNK,Member body,Full Member,1.97,0.873,5.58,15,100,,100
49,Djibouti,Djibouti,23.3685948,9.755,83.889403,26.74169874,1136.145521,73.1590375,212.7117778,89.90265335,269.9864875,75.45858098,168.6396939,70.05395754,49.16705898,87.66499921,237.0810887,68.90492705,83.25132581,95.35273342,2214.270973,49.64377188,95.88010813,7.644247313,98.62762972,1684.503796,31.77498776,,23.51598174,14.81481481,,19.51,Africa,Eastern Africa,Least Developed,Eastern Mediterrainian,900000,8,0.34,30-34%,0.04,1-4%,1589026158,9,DJI,Non Member,Non Member,-1.18,0.306,,0,0,,19.51
50,Dominica,Dominica,59.3902736,53.1183333,85.1470825,64.52230085,848.8022925,81.94834275,229.2790821,88.85513002,259.3315433,76.49596611,82.86891895,87.23493292,22.44377699,94.62350744,262.9884118,64.73859464,148.2835628,91.26884798,1998.207164,76.01018851,93.40224338,68.19938719,87.75617689,7175.427632,55.39990188,,66.66666667,56.1042524,,79.57,Americas,Caribbean,Developing,Americas,68000,10,0.22,20-24%,0.1,10-14%,524074074,10,DMA,Correspondent member,Affiliate Country,0.71,0.607,,4,26.66666667,,79.57
51,Dominican Republic,Dominican Republic,45.3161519,53.5169841,85.65356,59.22385745,1421.630956,64.42655878,143.3586041,94.28774015,143.7437945,87.74980362,62.41883058,91.33134531,16.46765476,96.17963725,267.4736414,64.01729443,140.5249543,91.75607201,2400.154711,202.3151431,81.53234845,2.22113304,99.6012404,5952.322754,52.35334503,35.86956522,39.26940639,53.77229081,85.71428569,28.17,Americas,Caribbean,Developing,Americas,10508000,5,0.31,30-34%,0.06,5-9%,64137819040,4,DOM,Correspondent member,Affiliate Country,-0.49,0.59,3.62,7,46.66666667,0.909090909,28.17
52,Ecuador,Ecuador,45.2359371,62.7943386,82.918072,61.756749,1655.934202,57.25964985,352.1418264,81.08672131,298.010747,72.73008712,72.36665291,89.33867018,34.39579864,91.51130584,126.9270644,86.6195431,358.801734,78.04875693,3005.220734,96.64239233,91.46326884,10.00031679,98.20464501,6032.232804,52.57074547,34.7826087,39.26940639,54.32098765,82.53968255,32.51,Americas,South America,Developing,Americas,16279000,4,0.31,30-34%,0.07,5-9%,1.00917E+11,4,ECU,Member body,Affiliate Country,-0.49,0.594,3.58,11,73.33333333,0.888888889,32.51
53,Egypt,Egypt,40.8837623,77.55,93.0367652,66.56752646,690.9335904,86.77725839,139.4239603,94.53652119,157.1966921,86.44000457,28.71073459,98.08350498,51.19002371,87.13823694,96.92381741,91.44456882,12.85723597,99.77333175,1255.183336,76.98015677,93.31108764,0.967124775,99.82637227,3104.219707,41.74034243,40.2173913,30.1369863,51.44032922,,55.1,Africa,Northern Africa,Developing,Eastern Mediterrainian,89074000,1,0.31,30-34%,0.04,1-4%,2.86538E+11,2,EGY,Member body,Full Member,-0.89,0.573,3.78,15,100,,55.1
54,El Salvador,El Salvador,43.8540216,59.2166667,90.3149536,61.66958353,1513.032641,61.63074795,214.309394,89.80163871,204.711725,81.81385288,41.84307782,95.45292987,16.43110881,96.1891535,74.77500287,95.00646996,45.77428456,97.70621148,2167.138366,55.97308324,95.28529171,0.288048845,99.94828665,3983.664727,45.80674398,33.42391304,47.48858447,48.69684499,100,17.65,Americas,Central America,Developing,Americas,6366000,6,0.31,30-34%,0.07,5-9%,25163700000,6,SLV,Member body,Affiliate Country,-0.13,0.553,3.53,9,60,1,17.65
55,Equatorial Guinea,Equatorial Guinea,31.0207381,15.475,51.2176556,29.07819827,2816.082184,21.77283921,462.3433868,74.11885837,758.6301681,27.88332631,489.1649764,5.848673262,136.4642957,64.9335645,492.0581516,27.90033553,796.8132641,50.54256935,6085.489806,133.9333789,87.95873417,0,100,19546.69114,71.73698418,8.423913043,14.15525114,29.76680384,,30.95,Africa,Middle Africa,Least Developed,Africa,805000,8,0.39,35-39%,0.03,1-4%,15529729677,6,GNQ,Non Member,Non Member,-1.59,0.415,2.61,0,0,,30.95
56,Eritrea,Eritrea,12.2042385,33.7633333,86.0604013,32.8538641,923.9376553,79.65008905,161.1790323,93.16098387,262.6158296,76.1762019,178.0526816,68.16841657,54.48107654,86.28127565,184.3130026,77.39092101,35.15378647,98.37315605,1855.094385,55.35879098,95.34302171,0.002529692,99.99954584,688.9815607,17.20068564,,15.29680365,4.115226337,,40.86,Africa,Eastern Africa,Least Developed,Africa,5200000,6,0.43,40-45%,0.02,1-4%,2607739837,9,ERI,Correspondent member,Affiliate Country,-1.54,0.228,,4,26.66666667,,40.86
57,Estonia,Estonia,77.8256467,65.0733333,84.2436345,75.28138994,438.0485918,94.51254923,453.7702529,74.66092349,235.9354064,78.77385737,213.6821255,61.03138652,43.24583334,89.20683443,158.9311075,81.47275578,185.2993406,88.94433628,1845.487376,116.5747178,89.59006751,0,100,18877.33049,71.16894825,76.63043478,72.83105023,90.67215364,,63.48,Europe,Northern Europe,Developed,European,1310504,8,0.16,15-19%,0.19,15-19%,26485161116,6,EST,Member body,Associate Member,0.98,0.859,5.12,10,66.66666667,,63.48
58,Ethiopia,Ethiopia,20.4781049,37.74,80.6513467,39.64919987,1072.719826,75.09911382,298.1149011,84.5027547,297.7021108,72.76013652,226.4126648,58.48129784,62.27270574,84.25240375,238.0071252,68.75600483,61.38724707,96.72575082,2392.95368,107.7207453,90.42214669,28.6163543,94.86251131,502.5967236,12.05856151,14.94565217,38.58447489,16.32373114,,15.48,Africa,Eastern Africa,Least Developed,Africa,98148000,1,0.41,40-45%,0.04,1-4%,55612228234,4,ETH,Member body,Affiliate Country,-0.52,0.317,2.85,9,60,,15.48
59,Fiji,Fiji,51.3125271,40.9957143,85.4060391,56.42654781,773.9050067,84.2393141,149.422622,93.9043223,386.1991333,64.14390233,204.4664332,62.87740671,5.468663377,99.04367813,172.530333,79.28577205,108.0246207,93.79702347,1893.887004,89.65213379,92.12019979,4.218057682,99.2427329,4378.306845,47.34664217,,28.53881279,78.0521262,42.85714277,20.13,Oceania,Melanesia,Developing,Western Pacific,867000,8,0.29,25-29%,0.05,5-9%,4531817941,8,FJI,Member body,Affiliate Country,-0.96,0.767,,9,60,0.636363636,20.13
60,Finland,Finland,92.8645638,97.215,77.1464172,88.6406683,518.7413506,92.04430492,1634.584277,0,104.3391553,91.58631235,78.29672045,88.15080234,28.30130807,93.09825773,228.2996271,70.31713347,50.76879494,97.39256691,3056.376099,413.0448649,61.72837746,0,100,49310.22922,86.82176683,100,100,84.63648834,,94.43,Europe,Northern Europe,Developed,European,5476031,6,0.16,15-19%,0.2,20-26%,2.72217E+11,3,FIN,Member body,Full Member,2.17,0.815,5.98,15,100,,94.43
61,France,France,82.0599101,98.1433333,89.2629368,89.58205153,471.8953013,93.47724012,958.6808172,42.73626115,52.03402933,96.67883639,44.35174093,94.95041279,14.47307632,96.69900798,87.60980788,92.94241789,115.8838376,93.30348145,1830,84.73606953,92.58220199,0.019096058,99.99657169,42627.65244,84.44771304,75,84.01826484,84.77366255,100,94.43,Europe,Western Europe,Developed,European,64346720,2,0.19,15-19%,0.18,15-19%,2.82919E+12,1,FRA,Member body,Full Member,1.47,0.816,5.06,15,100,1,94.43
62,Gabon,Gabon,41.5519973,66.075,67.5934893,57.03979824,2401.465267,34.45521444,397.9816068,78.18834759,533.9586397,49.75776285,247.7602469,54.20510606,92.54599457,76.36950489,387.8069522,44.66567826,330.2690522,79.84054835,4494.857455,103.069673,90.85924545,0.0000225,99.99999596,10425.10551,61.48963862,18.20652174,32.87671233,53.6351166,,72.15,Africa,Middle Africa,Developing,Africa,1751000,8,0.38,35-39%,0.05,5-9%,18179717776,6,GAB,Member body,Affiliate Country,-0.77,0.589,2.97,9,60,,72.15
63,Gambia,Gambia,24.3333943,51.1083333,84.9793503,47.27910784,1306.269562,67.9552534,244.1558862,87.91449423,287.8926141,73.7152073,102.9563292,83.21116957,42.3604176,89.43738893,198.9416142,75.03839472,97.65928025,94.44794469,2355.489444,70.82328854,93.88969819,4.430451872,99.20460181,477.3989285,11.22005077,31.79347826,34.01826484,20.30178326,,75.55,Africa,Western Africa,Least Developed,Africa,2021893,7,0.46,45%+,0.02,1-4%,903779326,10,GMB,Correspondent member,Affiliate Country,-0.72,0.346,3.47,4,26.66666667,,75.55
64,Georgia,Georgia,57.3640131,35.015,81.4734693,54.69781218,787.9126023,83.8108473,850.2131513,49.59449279,243.7761161,78.01047134,190.090699,65.75704882,39.64680011,90.14399112,180.6822008,77.97481488,35.57577555,98.34665604,2443.78525,115.5172385,89.68944736,0.370666041,99.9334544,3596.90832,44.1418475,44.29347826,62.55707763,78.46364883,,30.03,Asia,Western Asia,Developing,European,3804000,7,0.17,15-19%,0.14,10-14%,16529963187,6,GEO,Correspondent member,Associate Member,0.53,0.77,3.93,6,40,,30.03
65,Germany,Germany,87.5236789,96.2866667,91.7286839,91.7766694,325.0264918,97.96968911,904.7626148,46.14542017,21.67255752,99.63488557,31.99604125,97.42541634,5.198018998,99.11415155,91.84718574,92.2609764,58.9743147,96.87727781,1486.449377,46.96229571,96.13210807,0.009856233,99.99823051,46254.97659,85.77904164,85.05434783,85.15981735,94.10150892,100,88.86,Europe,Western Europe,Developed,European,81132000,1,0.13,10-14%,0.21,20-26%,3.86829E+12,1,DEU,Member body,Full Member,1.52,0.884,5.43,15,100,1,88.86
66,Ghana,Ghana,40.8356333,74.43,86.3319064,64.02057176,1299.867932,68.15106758,245.2361967,87.84618798,203.6185979,81.92028176,107.1689176,82.36733462,34.66532407,91.44112378,184.1613589,77.41530786,94.21262705,94.66438714,2247.038913,77.83172594,93.23105882,0.276232852,99.95040797,1856.900161,33.36342682,32.88043478,48.40182648,48.69684499,,88.86,Africa,Western Africa,Developing,Africa,27672800,3,0.39,35-39%,0.05,5-9%,38616536132,5,GHA,Member body,Affiliate Country,-0.09,0.553,3.51,9,60,,88.86
67,Greece,Greece,65.2076684,88.85,91.1037655,80.81602344,651.2639722,87.99067965,760.7997345,55.24795569,93.38307779,92.65301637,37.89387632,96.24400508,15.75150369,96.36611671,71.7230116,95.49728139,68.37101327,96.28718523,1708.696991,9.463135414,99.6562065,0.047666461,99.99144245,21965.96289,73.63924935,44.29347826,60.73059361,82.16735254,100,66.55,Europe,Southern Europe,Developed,European,11520785,4,0.15,15-19%,0.21,20-26%,2.35574E+11,3,GRC,Member body,Full Member,0.45,0.797,3.93,15,100,1,66.55
68,Grenada,Grenada,61.9073153,48.7883333,84.9339339,63.53988106,965.9253511,78.36576202,232.2888499,88.66482736,309.2455616,71.63624474,86.62740587,86.48206027,24.5174029,94.08355344,295.2563738,59.54936473,132.0301875,92.2895252,2122.286496,76.02157451,93.40117335,0.373788854,99.93289376,7889.894011,56.9473062,,56.62100457,72.15363512,,70.91,Americas,Caribbean,Developing,Americas,111000,10,0.26,25-29%,0.07,5-9%,911803790,10,GRD,Non Member,Affiliate Country,0.27,0.724,,4,26.66666667,,70.91
69,Guatemala,Guatemala,36.8225132,32.9226984,88.0927238,47.44418196,803.255258,83.34154345,139.0704538,94.55887283,200.6223657,82.21200048,64.52888238,90.90867514,39.65966391,90.1406415,209.7713555,73.29679054,253.2656421,84.67619786,1771.35739,48.37504082,95.99934102,12.80872752,97.70045157,3432.022425,43.37687041,30.43478261,34.24657534,39.23182442,28.57142846,23.53,Americas,Central America,Developing,Americas,16183752,4,0.4,40-45%,0.05,5-9%,58827085047,4,GTM,Correspondent member,Affiliate Country,-0.71,0.484,3.42,7,46.66666667,0.545454545,23.53
70,Guinea,Guinea,13.6434859,42.2783333,78.0950735,35.58133846,1571.768104,59.83413727,305.5538924,84.03239955,379.8397248,64.76306614,186.797443,66.41672982,77.88004647,80.18838913,267.6686541,63.98593312,110.3256268,93.6525252,3011.885244,111.67016,90.05098835,0.381592401,99.93149279,521.5389059,12.66167158,8.423913043,20.3196347,13.16872428,,57.89,Africa,Western Africa,Least Developed,Africa,10985600,4,0.42,40-45%,0.03,1-4%,6624068016,8,GIN,Non Member,Affiliate Country,-1.32,0.294,2.61,4,26.66666667,,57.89
71,Guinea-Bissau,Guinea-Bissau,16.063837,26.6666667,69.9339213,31.05765304,2406.966142,34.2869527,360.6627488,80.54795743,529.6172071,50.18045278,225.9163844,58.5807091,108.7415931,72.15231309,324.4357312,54.85683428,172.3281527,89.75889914,4251.014599,122.2711226,89.05473042,0.075517169,99.98644242,538.7338705,13.19047744,,17.57990868,17.42112483,,,Africa,Western Africa,Least Developed,Africa,1788000,8,0.43,40-45%,0.03,1-4%,1022371992,10,GNB,Non Member,Affiliate Country,-1.44,0.325,,4,26.66666667,,
72,Guyana,Guyana,44.0773853,56.3133333,76.3896311,57.44961958,1554.033392,60.37660976,241.8447675,88.06062245,525.9837684,50.5342111,160.9929918,71.58568907,44.51270015,88.87695343,324.1926301,54.89592902,309.2263315,81.16198621,3250.533164,88.61691836,92.21748733,1.129663841,99.79719166,3928.87895,45.58099118,31.25,46.80365297,52.67489712,,65.96,Americas,South America,Developing,Americas,743000,8,0.27,25-29%,0.06,5-9%,3096747287,9,GUY,Correspondent member,Affiliate Country,-0.16,0.582,3.45,7,46.66666667,,65.96
73,Haiti,Haiti,16.7804377,45.6933333,65.975142,36.9838529,1168.007436,72.18443964,333.7483378,82.24971126,185.9099025,83.64443318,327.426958,38.24685218,42.87002903,89.30469058,375.7146721,46.61031987,88.35028564,95.03252964,3228.458496,149.420319,86.50330154,557.0105562,0,810.3273325,19.84527964,7.608695652,15.52511416,24.14266118,,64.72,Americas,Caribbean,Least Developed,Americas,10924000,4,0.35,35-39%,0.04,1-4%,8713041023,7,HTI,Non Member,Affiliate Country,-1.53,0.374,2.58,4,26.66666667,,64.72
74,Honduras,Honduras,35.1598405,26.4216667,87.3011512,43.28549206,658.4909095,87.76962082,66.60953477,99.14045724,242.7596305,78.10943826,23.59508142,99.10823527,14.61534662,96.66196204,305.6305292,57.88102641,138.6979089,91.87080655,1594.516172,5.804904034,100,138.3123273,75.16881399,2356.517955,37.24784387,27.7173913,33.56164384,42.11248285,,19.51,Americas,Central America,Developing,Americas,8340000,5,0.34,30-34%,0.05,5-9%,19385314718,6,HND,Subscriber member,Affiliate Country,-0.74,0.505,3.32,5,33.33333333,,19.51
75,Hungary,Hungary,67.0241043,84.525,86.7519207,78.91600635,469.1631812,93.56081069,1283.156103,22.22022391,70.91029087,94.84100857,54.61642362,92.8942665,20.49907242,95.12989145,99.47805695,91.03380423,77.66552997,95.70350945,2130.373975,54.84152859,95.39163303,0.043788418,99.99213867,13486.58574,65.68709067,54.07608696,65.06849315,83.26474623,,69.05,Europe,Eastern Europe,Developed,European,9835030,5,0.15,15-19%,0.18,15-19%,1.38347E+11,3,HUN,Member body,Full Member,0.64,0.805,4.29,15,100,,69.05
76,Iceland,Iceland,85.3237137,84.43,93.9335763,87.7935207,323.4353458,98.01835937,605.4401652,65.07108505,49.77012954,96.89925387,19.14321823,100,6.339124867,98.81701759,99.60082746,91.01406067,13.74630034,99.71750041,1166.850115,48.90211213,95.94980788,0.472891714,99.91510184,47548.68774,86.2287382,81.79347826,84.24657534,89.0260631,,88.86,Europe,Northern Europe,Developed,European,330828,9,0.2,20-24%,0.14,10-14%,17036097482,6,ISL,Member body,Associate Member,1.48,0.847,5.31,12,80,,88.86
77,India,India,39.0412126,78.74,69.7447988,59.85174884,1211.34287,70.85888776,470.9228243,73.57639469,395.1997446,63.26758613,518.3626923,0,58.44272103,85.24969818,255.0838958,66.00977349,154.5348652,90.87627956,3289.749352,208.8512766,80.91809528,17.00846239,96.94647396,1455.102191,29.38843811,42.93478261,46.11872146,37.72290809,100,36.22,Asia,Southern Asia,Developing,South-East Asia,1314097616,1,0.29,25-29%,0.05,5-9%,2.04852E+12,1,IND,Member body,Full Member,-0.19,0.473,3.88,15,100,1,36.22
78,Indonesia,Indonesia,46.6606552,63.627619,86.7865397,63.63308212,1203.397786,71.10191339,207.2959113,90.24508966,514.7897724,51.62407931,57.29686752,92.35733955,7.587141345,98.49204505,88.75164211,92.75879178,57.39576981,96.97640705,2258.6298,104.041414,90.76792312,18.07349607,96.75526866,3623.53236,44.26207027,41.84782609,44.97716895,55.55555556,57.14285708,33.74,Asia,South-Eastern Asia,Developing,South-East Asia,255741973,1,0.29,25-29%,0.05,5-9%,8.88538E+11,1,IDN,Member body,Full Member,-0.24,0.603,3.84,15,100,0.727272727,33.74
79,Iran (Islamic Republic of),Iran,46.3117924,41.0733333,86.4796591,54.79259081,925.4628662,79.60343563,104.826778,96.72404398,142.4599302,87.87480303,190.9019131,65.59455234,80.5638871,79.48954057,152.922872,82.43898089,39.55239818,98.09693264,1758.308135,114.3527079,89.79888769,7.264782396,98.69575499,6400.294877,53.53626946,30.70652174,34.47488584,66.52949246,,15.48,Asia,Southern Asia,Developing,Eastern Mediterrainian,78483446,1,0.24,20-24%,0.05,5-9%,4.25326E+11,2,IRN,Member body,Full Member,-0.7,0.683,3.43,10,66.66666667,,15.48
80,Iraq,Iraq,39.1397171,58.9516667,83.4643209,57.74816803,733.8517218,85.46447103,171.0123578,92.53923891,210.517395,81.24860208,180.6674054,67.64465419,28.2935924,93.10026682,313.8549611,56.55839971,17.48119721,99.48295687,1926.010182,270.3315511,75.1402982,0,100,6882.406872,54.7202017,,25.79908676,36.89986283,,44.57,Asia,Western Asia,Developing,Eastern Mediterrainian,37056000,2,0.41,40-45%,0.03,1-4%,2.23508E+11,3,IRQ,Member body,Full Member,-1.08,0.467,,11,73.33333333,,44.57
81,Ireland,Ireland,85.0580254,96.595,92.928462,91.39860437,328.2639582,97.87066092,601.1214628,65.34414948,51.88800792,96.6930533,42.29322995,95.36275868,13.68018767,96.90546923,99.99475105,90.95071114,51.00197383,97.37792377,1238.187033,49.93746677,95.85250726,0.005994619,99.99892379,50470.31947,87.20085477,74.72826087,83.78995434,94.51303155,,93.19,Europe,Northern Europe,Developed,European,4630308,6,0.22,20-24%,0.13,10-14%,2.50814E+11,3,IRL,Member body,Full Member,1.46,0.887,5.05,15,100,,93.19
82,Israel,Israel,83.4950068,84.43,94.6327806,87.3775034,407.1014348,95.45916631,491.7755883,72.25790881,33.48175134,98.48512057,30.76254827,97.67250064,2.489632678,99.81939159,79.7696992,94.20323896,51.92154933,97.3201764,1140.574423,43.256176,96.48040202,0.016042964,99.99711981,36050.69796,81.71585102,83.9673913,78.31050228,89.98628258,,88.86,Asia,Western Asia,Developing,European,8375384,5,0.28,25-29%,0.11,10-14%,3.05675E+11,2,ISR,Member body,Full Member,1.22,0.854,5.39,12,80,,88.86
83,Italy,Italy,68.6198097,94.43,90.5481147,83.71686766,499.170033,92.64295583,930.7340973,44.50328616,24.03575737,99.40480006,24.46591678,98.93379589,8.604065822,98.22724684,113.3726562,88.79931944,23.26600079,99.11968358,1700.547936,76.70383484,93.33705584,0.195573689,99.96488869,35477.47287,81.45455555,51.08695652,60.73059361,81.20713306,,88.86,Europe,Southern Europe,Developed,European,62466780,2,0.14,10-14%,0.22,20-26%,2.14116E+12,1,ITA,Member body,Full Member,0.45,0.79,4.18,15,100,,88.86
84,Jamaica,Jamaica,51.0085259,69.48,90.5186705,68.45632536,451.4307139,94.10321452,190.4200457,91.31212281,118.4126011,90.21609558,72.16833349,89.37839607,15.92197685,96.32172699,258.7002144,65.42820876,99.71500691,94.31884945,1277.88709,67.93225331,94.16139208,3.185944094,99.42802806,5290.486134,50.4317897,39.13043478,50,64.47187929,,78.96,Americas,Caribbean,Developing,Americas,2727000,7,0.24,20-24%,0.09,5-9%,13891359468,7,JAM,Member body,Affiliate Country,-0.02,0.668,3.74,9,60,,78.96
85,Japan,Japan,83.2923764,88.0266667,91.8415002,87.65018283,305.3400186,98.57186242,569.8524246,67.3212392,93.61413265,92.63052044,52.61369788,93.2954379,13.80010264,96.87424442,113.8112611,88.72878441,134.9562781,92.10577296,1315.951349,26.16539368,98.08656063,5.79803983,98.959079,38633.70806,82.8439415,79.89130435,86.75799087,83.67626886,100,64.08,Asia,Eastern Asia,Developed,Western Pacific,126866820,1,0.13,10-14%,0.26,20-26%,4.60146E+12,1,JPN,Member body,Full Member,1.59,0.808,5.24,15,100,1,64.08
86,Jordan,Jordan,54.6471355,43.7083333,88.6069386,59.59362356,643.5315603,88.22720003,139.5193029,94.53049284,403.586101,62.45107492,106.0412518,82.5932204,51.00247151,87.18707389,90.80877612,92.4279701,50.82183426,97.38923615,1569.205431,83.83397107,92.66697945,0.060161709,99.98919918,5200.285397,50.15144789,51.63043478,47.94520548,68.86145405,,20.75,Asia,Western Asia,Developing,Eastern Mediterrainian,8118000,5,0.37,35-39%,0.03,1-4%,35826925775,5,JOR,Member body,Associate Member,-0.11,0.7,4.2,10,66.66666667,,20.75
87,Kazakhstan,Kazakhstan,59.0557115,40.6683333,72.3872966,55.81190924,1582.997137,59.49066163,556.2062921,68.18406166,555.2000961,47.68965527,185.5176689,66.67308482,199.2764525,48.57782983,187.6973838,76.8466557,82.81208508,95.3803168,3466.831932,106.6637045,90.52148533,10.46111191,98.12191855,13611.53736,65.83743265,54.89130435,38.12785388,77.36625514,,34.67,Asia,Central Asia,Developing,European,17544274,3,0.25,25-29%,0.07,5-9%,2.17872E+11,3,KAZ,Member body,Associate Member,-0.54,0.762,4.32,7,46.66666667,,34.67
88,Kenya,Kenya,35.8636409,80.5247619,86.8850905,63.07293318,733.4811169,85.47580716,221.5060283,89.34660739,259.7663554,76.45363199,163.9598338,70.99139295,39.33402836,90.22543414,164.3659867,80.59873598,52.12523787,97.30738519,1718.433903,71.10312213,93.86339997,12.79219375,97.70341987,1257.202838,27.0052802,33.69565217,39.26940639,43.48422497,85.71428569,75.86,Africa,Eastern Africa,Developing,Africa,44306000,2,0.41,40-45%,0.03,1-4%,60936509778,4,KEN,Member body,Associate Member,-0.49,0.515,3.54,12,80,0.909090909,75.86
89,Kiribati,Kiribati,38.9849366,35.755,85.9636158,49.30028498,1211.626617,70.85020846,111.4731704,96.30380354,252.4409417,77.16684785,63.32795163,91.14923682,58.38805166,85.2639336,161.3230654,81.0880888,72.69018358,96.01595057,2193.68798,261.8391042,75.9384019,0.578895085,99.89607107,1556.461022,30.48620008,,31.05022831,55.41838134,,71.51,Oceania,Micronesia,Least Developed,Western Pacific,113400,10,0.36,35-39%,0.04,1-4%,166756805,10,KIR,Non Member,Non Member,-0.85,0.602,,0,0,,71.51
90,Kuwait,Kuwait,60.3930321,41.5266667,94.0350843,61.78285049,854.7247604,81.76718525,153.6218408,93.63881262,47.09723525,97.15949181,59.88049147,91.83980687,30.91999681,92.41637415,82.33205194,93.79116963,34.35217727,98.4234954,1297.679004,34.74658637,97.28011677,0.003863576,99.99930637,48926.52543,86.69441687,44.56521739,48.85844749,61.45404664,,29.72,Asia,Western Asia,Developing,Eastern Mediterrainian,3837700,7,0.23,20-24%,0.02,1-4%,1.63612E+11,3,KWT,Member body,Non Member,-0.07,0.646,3.94,8,53.33333333,,29.72
91,Kyrgyzstan,Kyrgyzstan,36.5814073,52.3433333,80.1251914,53.53407317,1026.801664,76.50366664,463.7049017,74.03277203,443.724774,58.5430993,141.572037,75.47595294,90.5280614,76.89495698,182.6140919,77.66413436,156.6374634,90.74424088,2603.674764,97.40026792,91.39204516,0.691502771,99.87585464,1282.437162,27.32925283,21.4673913,34.70319635,62.82578875,,78.02,Asia,Central Asia,Developing,European,5951000,6,0.32,30-34%,0.04,1-4%,7404412710,8,KGZ,Correspondent member,Affiliate Country,-0.69,0.656,3.09,4,26.66666667,,78.02
92,Lao People's Democratic Republic,Laos,32.5606377,10.5366667,74.0855995,29.40198475,1677.904425,56.58762081,191.2437385,91.26004207,699.1195344,33.67739194,196.4838091,64.47642769,108.0776731,72.32519203,248.0237004,67.14517141,133.0562442,92.22509103,3366.407611,101.9822144,90.9614427,10.51627135,98.11201579,1700.537964,31.92942789,,33.10502283,32.64746228,,7.74,Asia,South-Eastern Asia,Least Developed,Western Pacific,6903049,5,0.37,35-39%,0.04,1-4%,11997062177,7,LAO,Subscriber member,Affiliate Country,-0.76,0.436,,2,13.33333333,,7.74
93,Latvia,Latvia,70.1487876,68.0016667,79.9405421,72.5162947,663.0447067,87.63032847,543.056615,69.01549406,384.9075732,64.26965102,248.94965,53.96685352,62.84968084,84.1021645,174.7130269,78.93475824,97.25460375,94.4733575,2318.137363,143.356533,87.0731644,0.004973619,99.99910709,15357.26927,67.80463035,57.88043478,70.54794521,84.36213992,,82.67,Europe,Northern Europe,Developed,European,1978454,7,0.15,15-19%,0.19,15-19%,31286809075,5,LVA,Correspondent member,Associate Member,0.88,0.813,4.43,8,53.33333333,,82.67
94,Lebanon,Lebanon,48.7428238,45.635,94.4937245,59.4571246,529.626316,91.71135368,113.3125995,96.18749948,92.12913314,92.77510275,45.09952247,94.80062265,17.46402339,95.9201916,81.29217649,93.95839905,15.54632309,99.60446283,1017.635215,82.43157473,92.79877394,40.73354576,92.68711422,9870.486278,60.59843723,33.42391304,41.55251142,59.39643347,,31.27,Asia,Western Asia,Developing,Eastern Mediterrainian,6185000,6,0.26,25-29%,0.06,5-9%,45730945274,5,LBN,Member body,Affiliate Country,-0.39,0.631,3.53,9,60,,31.27
95,Lesotho,Lesotho,29.4635355,38.8733333,63.8908439,41.82716426,1665.493275,56.96725525,345.6432537,81.49761534,332.3714408,69.38466627,398.348385,24.04038976,136.5383292,64.91428683,665.5495911,0,179.9370235,89.28107833,3847.228744,123.0987449,88.97695208,0.248700325,99.95535088,1031.021336,23.77192458,10.32608696,41.78082192,41.97530864,,51.08,Africa,Southern Africa,Least Developed,Africa,1924381,7,0.36,35-39%,0.05,5-9%,2181300506,9,LSO,Correspondent member,Affiliate Country,-0.38,0.504,2.68,4,26.66666667,,51.08
96,Liberia,Liberia,21.4290075,64.43,85.8181615,49.11601592,770.6220466,84.33973387,262.5801808,86.74955646,280.836234,74.40222955,139.5171542,75.88757206,45.02227111,88.74426562,198.5515533,75.10112306,96.41809671,94.52588836,1877.808369,84.0997649,92.64200066,0.161067863,99.97108352,453.339457,10.37704658,32.06521739,20.0913242,23.1824417,,88.86,Africa,Western Africa,Least Developed,Africa,4503000,6,0.42,40-45%,0.03,1-4%,2013000000,9,LBR,Correspondent member,Non Member,-1.33,0.367,3.48,6,40,,88.86
97,Libya,Libya,39.7762215,53.8416667,92.2736931,58.24696591,966.7325744,78.34107053,151.1225468,93.79683886,117.4157153,90.31315423,62.51368855,91.31234405,29.37479508,92.81873113,101.8707541,90.64901836,20.03982318,99.32228063,1519.679286,70.6093889,93.90980006,0,100,10454.79255,61.53599541,12.77173913,16.21004566,68.58710562,,34.35,Africa,Northern Africa,Developing,Eastern Mediterrainian,6317000,6,0.29,25-29%,0.05,5-9%,41142722414,5,LBY,Member body,Full Member,-1.5,0.698,2.77,11,73.33333333,,34.35
98,Lithuania,Lithuania,74.0583163,61.9683333,77.4825801,70.84609349,790.6188361,83.72806855,594.1992001,65.78183274,402.722665,62.53514065,148.0808546,74.17215412,152.2151283,60.83218585,189.16464,76.61069628,214.5658244,87.10646367,2640.20299,148.6318009,86.57740494,0.004040903,99.99927454,15689.00226,68.15302401,65.76086957,69.17808219,93.14128944,,57.27,Europe,Northern Europe,Developed,European,2911203,7,0.15,15-19%,0.18,15-19%,48353937110,5,LTU,Member body,Associate Member,0.82,0.877,4.72,10,66.66666667,,57.27
99,Luxembourg,Luxembourg,87.0582726,81.7166667,91.7577037,86.74698882,413.3788952,95.26715025,750.5191651,55.89797913,21.79037868,99.62341429,20.03526868,99.82131097,10.09878366,97.83803542,115.8867251,88.39501497,73.44546374,95.96852059,1485.360906,80.20622552,93.00790795,0,100,110664.8403,100,83.42391304,87.44292237,77.36625514,,90.1,Europe,Western Europe,Developed,European,569202,9,0.17,15-19%,0.14,10-14%,64873963098,4,LUX,Member body,Full Member,1.62,0.762,5.37,11,73.33333333,,90.1
100,Madagascar,Madagascar,20.4672104,41.6683333,89.268865,42.38266539,744.8455005,85.12819139,152.7014941,93.69700463,202.2881645,82.04981522,133.1060796,77.17179171,37.25374668,90.76712124,158.1574115,81.59717908,34.15825227,98.43567347,1517.580345,45.75157484,96.24588927,9.318121344,98.32711943,462.9740061,10.71987581,10.59782609,24.88584475,35.66529492,,56.67,Africa,Eastern Africa,Least Developed,Africa,23047400,3,0.41,40-45%,0.03,1-4%,10593147381,7,MDG,Non Member,Affiliate Country,-1.12,0.458,2.69,4,26.66666667,,56.67
101,Malawi,Malawi,21.3173915,52.455,79.4644624,44.62360309,1141.21795,73.00388115,159.2378316,93.28372278,373.9494348,65.33655569,257.0925457,52.33572811,68.81915196,82.54776658,299.7804867,58.82181144,76.3640373,95.78524041,2445.100207,68.29348848,94.1274439,0.345281336,99.93801171,239.8697314,0,14.40217391,37.67123288,33.19615912,,44.91,Africa,Eastern Africa,Least Developed,Africa,17174000,3,0.44,40-45%,0.03,1-4%,4258033615,8,MWI,Member body,Affiliate Country,-0.56,0.44,2.83,9,60,,44.91
102,Malaysia,Malaysia,67.6840795,72.9633333,91.1538302,76.63997806,1309.556458,67.85471324,102.8006549,96.8521524,124.2962813,89.64324957,42.95580246,95.23003699,29.53898402,92.77597777,111.7185099,89.06533393,124.3034069,92.7747505,1891.440687,46.16707341,96.20684152,0.103515532,99.98141588,10628.0093,61.80387883,68.47826087,75.57077626,64.88340192,100,18.89,Asia,South-Eastern Asia,Developing,Western Pacific,30788840,3,0.26,25-29%,0.06,5-9%,3.38104E+11,2,MYS,Member body,Full Member,1.1,0.671,4.82,15,100,1,18.89
103,Maldives,Maldives,49.5448789,17.18,90.6550806,42.57336972,369.8398962,96.59892881,139.5311873,94.52974141,416.3329118,61.21002179,58.2158885,92.17324798,15.7538524,96.36550512,152.8374095,82.4527247,59.0559284,96.87215264,1262.898206,51.00231959,95.75243445,0.328812563,99.94096834,7704.530216,56.55973586,,44.06392694,48.01097394,,34.36,Asia,Southern Asia,Developing,South-East Asia,346946,9,0.26,25-29%,0.05,5-9%,3061829145,9,MDV,Non Member,Non Member,-0.28,0.548,,0,0,,34.36
104,Mali,Mali,20.2251357,39.03,73.4932878,38.7120251,1681.886902,56.4658041,301.8165583,84.26870502,502.3059544,52.83952697,233.4400426,57.07362483,101.5774748,74.01778665,294.4633228,59.67690064,166.6891691,90.11301526,3419.628491,129.9201746,88.33588733,7.528892107,98.64833942,669.6953397,16.73784165,18.20652174,31.27853881,14.6776406,0,77.09,Africa,Western Africa,Least Developed,Africa,16749000,4,0.47,45%+,0.03,1-4%,12037229619,7,MLI,Member body,Affiliate Country,-0.84,0.305,2.97,6,40,0.363636364,77.09
105,Malta,Malta,74.3163881,83.1122222,91.5245443,82.68543608,299.2027223,98.75959112,714.684108,58.1637707,34.45518873,98.3903449,57.76607266,92.2633518,1.796028643,100,142.6407479,84.09251903,39.15245878,98.12204798,1360.099507,70.40217984,93.92927317,0,100,22776.19469,74.2297418,70.65217391,78.99543379,73.38820302,100,82.67,Europe,Southern Europe,Developed,European,431486,9,0.15,15-19%,0.16,15-19%,9642848650,7,MLT,Member body,Associate Member,1.25,0.733,4.9,10,66.66666667,1,82.67
106,Marshall Islands,Marshall Islands,29.3075805,35.145,86.6554258,44.69028164,1077.680502,74.94737579,93.12765898,97.46375998,260.6832814,76.36435838,73.79448968,89.05265634,25.54742157,93.81534562,252.5578404,66.4160056,111.8591796,93.55622137,2025.732146,130.4817727,88.28310943,0,100,3616.765809,44.23159935,,14.38356164,,,70.29,Oceania,Micronesia,Developing,Western Pacific,55000,10,0.41,40-45%,0.03,1-4%,186716626,10,MHL,Non Member,Non Member,-1.58,,,0,0,,70.29
107,Mauritania,Mauritania,22.4502414,24.3233333,81.4080508,35.42450748,2028.332552,45.86866359,281.0630081,85.58091777,267.6482569,75.68623545,121.3065958,79.53537815,47.81938078,88.0159228,213.1165245,72.75883122,110.2309695,93.65846948,3158.683335,82.17797117,92.82260711,6.988076121,98.74543201,1306.007652,27.62615694,11.14130435,29.9086758,21.12482853,,21.98,Africa,Western Africa,Least Developed,Africa,3641288,7,0.4,40-45%,0.03,1-4%,5061180371,8,MRT,Correspondent member,Affiliate Country,-0.9,0.352,2.71,4,26.66666667,,21.98
108,Mauritius,Mauritius,62.8175074,66.075,91.1549543,72.32682203,698.0008674,86.56108328,174.9371134,92.29108309,182.2820344,83.99764914,131.446798,77.50416688,12.13641949,97.30745292,44.14923811,99.93160699,108.9488765,93.73898218,1436.207525,42.69349019,96.53328214,41.61268768,92.52928204,9476.841829,59.9349729,49.45652174,70.54794521,71.33058985,,72.15,Africa,Eastern Africa,Developing,Africa,1262660,8,0.2,20-24%,0.09,5-9%,12630332837,7,MUS,Member body,Affiliate Country,0.88,0.718,4.12,9,60,,72.15
109,Mexico,Mexico,55.8298606,52.5979365,90.3435939,64.25558338,983.6197024,77.82452409,217.0196947,89.63027087,160.4324223,86.12496788,37.9310579,96.23655714,27.01260421,93.43382491,146.8954708,83.40828818,172.8176809,89.72815782,1786.411708,40.49064217,96.74030153,0.192433002,99.96545254,10200.80583,61.13506442,44.29347826,57.53424658,60.35665295,52.85714283,18.27,Americas,Central America,Developing,Americas,127017000,1,0.28,25-29%,0.07,5-9%,1.29469E+12,1,MEX,Member body,Full Member,0.31,0.638,3.93,13,86.66666667,0.7,18.27
110,Micronesia (Federated States of),Micronesia,45.2574709,22.14,91.1559001,45.03507535,996.9530694,77.41668071,88.20281918,97.77514948,208.1976366,81.47445806,60.71118275,91.67340886,21.21185538,94.94428902,101.2200788,90.75365787,58.76576867,96.89037406,1650.470108,112.3619942,89.98597111,2.845702965,99.48911148,3049.091768,41.44823071,,37.67123288,56.65294925,,44.28,Oceania,Micronesia,Developing,Western Pacific,103000,10,0.34,30-34%,0.04,1-4%,318071979,10,FSM,Non Member,Non Member,-0.56,0.611,,0,0,,44.28
111,Mongolia,Mongolia,50.0038148,81.0966667,67.9531579,65.07366421,1350.116632,66.6140515,578.1223846,66.79834327,533.5255232,49.79993187,258.6754829,52.01864568,181.9834449,53.08077732,361.3044073,48.92773232,225.176664,86.44012563,3618.010337,123.1023278,88.97661536,6.003470852,98.92219801,4387.707056,47.38160529,46.4673913,38.12785388,68.03840878,,88.86,Asia,Eastern Asia,Developing,Western Pacific,3029335,7,0.27,25-29%,0.04,1-4%,12015944337,7,MNG,Member body,Affiliate Country,-0.54,0.694,4.01,11,73.33333333,,88.86
112,Montenegro,Montenegro,60.0011728,49.875,88.5880211,64.24005185,659.4691103,87.73969944,866.4732901,48.56639103,114.3182208,90.61473203,33.72471414,97.07914121,29.52747354,92.77897499,125.7304918,86.81197205,17.59882539,99.47557008,1914.090001,67.24787438,94.22570869,0,100,7110.762932,55.25232161,51.63043478,54.10958904,79.01234568,,59.75,Europe,Southern Europe,Developed,European,622421,8,0.18,15-19%,0.14,10-14%,4587928884,8,MNE,Correspondent member,Associate Member,0.16,0.774,4.2,6,40,,59.75
113,Morocco,Morocco,40.948571,76.7003175,89.2745161,65.45173134,889.5726097,80.70125311,159.9855036,93.23644872,283.4136539,74.15128717,59.32586379,91.95090583,41.7037705,89.60837407,169.8858583,79.71104797,21.16494558,99.25162535,1684.026599,57.29667411,95.16090321,1.677719921,99.69879926,3056.118453,41.48575604,36.41304348,48.85844749,37.03703704,85.71428569,77.72,Africa,Northern Africa,Developing,Eastern Mediterrainian,34121000,2,0.25,25-29%,0.06,5-9%,1.10009E+11,3,MAR,Member body,Associate Member,-0.07,0.468,3.64,10,66.66666667,0.909090909,77.72
114,Mozambique,Mozambique,21.6227142,28.009365,80.6640344,36.55648833,1387.082716,65.48332642,189.0065983,91.40149276,247.4267429,77.65503954,258.3361087,52.08662665,58.34527852,85.27507135,225.6873996,70.7372235,68.67227037,96.26826693,2547.910075,80.34860914,92.99452701,33.00435129,94.07473504,584.0137431,14.50610568,12.5,35.61643836,23.86831276,28.57142846,28.79,Africa,Eastern Africa,Least Developed,Africa,25736000,3,0.45,40-45%,0.03,1-4%,15938468563,6,MOZ,Correspondent member,Affiliate Country,-0.65,0.372,2.76,4,26.66666667,0.545454545,28.79
115,Myanmar,Myanmar,21.547901,50.7983333,81.5589152,44.69325223,939.8245975,79.16413646,498.0602974,71.86053702,329.3320453,69.68058745,115.9749011,80.6033843,92.56575169,76.3643603,190.5153138,76.39348526,51.77074627,97.32964651,2354.287471,76.54306097,93.35216506,59.70075657,89.28193444,1106.983824,24.93082944,,15.98173516,23.73113855,,74.93,Asia,South-Eastern Asia,Least Developed,South-East Asia,52147000,2,0.24,20-24%,0.05,5-9%,64330038665,4,MMR,Correspondent member,Affiliate Country,-1.51,0.371,,4,26.66666667,,74.93
116,Namibia,Namibia,44.2411167,59.875,78.4688539,59.2365339,1225.266591,70.43298653,300.1765339,84.37240106,237.0583175,78.66452866,210.1894988,61.731004,68.80354004,82.55183179,380.056256,45.9121203,118.6112195,93.1322077,2657.605525,116.4405526,89.60267609,1.003016247,99.81992868,5511.058544,51.09767619,26.90217391,54.79452055,44.17009602,,59.75,Africa,Southern Africa,Developing,Africa,2482100,7,0.35,35-39%,0.04,1-4%,12995241138,7,NAM,Member body,Affiliate Country,0.19,0.52,3.29,9,60,,59.75
117,Nepal,Nepal,24.6106597,58.86,85.8530972,49.9152396,584.3487573,90.03749402,281.5135031,85.55243372,293.2813731,73.19054773,216.1554343,60.53595136,28.29365254,93.10025116,97.21960849,91.39700065,40.59875638,98.03122358,1734.471396,174.7190542,84.12577542,18.34125707,96.70719758,691.3690872,17.25707974,17.11956522,29.22374429,34.84224966,,77.72,Asia,Southern Asia,Least Developed,South-East Asia,28039000,3,0.33,30-34%,0.06,5-9%,19769642123,6,NPL,Member body,Affiliate Country,-0.93,0.452,2.93,6,40,,77.72
118,Netherlands,Netherlands,92.256465,100,94.0941915,95.39373975,342.420411,97.43764085,514.4822398,70.82220468,25.07795504,99.30332976,27.31017192,98.36405547,6.076589721,98.88537944,81.1708978,93.9779027,29.33418474,98.7386146,1145.33179,119.4548942,89.31939411,0.004446288,99.99920176,50792.51426,87.30459433,95.38043478,90.86757991,95.47325103,100,100,Europe,Western Europe,Developed,European,16942373,4,0.17,15-19%,0.17,15-19%,8.79319E+11,1,NLD,Member body,Full Member,1.77,0.894,5.81,15,100,1,100
119,New Zealand,New Zealand,88.3915312,94.43,92.3189682,91.67913977,603.7208757,89.44493625,404.2508243,77.7919553,87.08138736,93.26656063,35.67554703,96.68836461,9.970157916,97.87152844,171.8708888,79.39182175,30.06474998,98.69273666,1372.650241,29.99364767,97.72678874,0.02216266,99.99602114,42408.96414,84.36386459,80.16304348,90.4109589,98.62825789,,88.86,Oceania,Australia and New Zealand,Developed,Western Pacific,4598066,6,0.2,20-24%,0.15,15-19%,1.9997E+11,3,NZL,Member body,Full Member,1.75,0.917,5.25,15,100,,88.86
120,Nicaragua,Nicaragua,30.2918444,60.0233333,89.6400145,54.62388457,766.8443637,84.45528629,147.2949104,94.038854,219.2517851,80.39820567,28.99757463,98.02604728,15.64200793,96.39462844,113.455374,88.78601703,164.0263811,90.28023265,1625.512253,50.90916086,95.76118933,119.0906953,78.61966996,1824.988076,33.08082825,17.11956522,31.73515982,39.23182442,100,60.07,Americas,Central America,Developing,Americas,6262000,6,0.32,30-34%,0.05,5-9%,11805641287,7,NIC,Non Member,Non Member,-0.82,0.484,2.93,3,20,1,60.07
121,Niger,Niger,14.4399126,65.2883333,75.6267534,41.46597369,1159.064931,72.45797456,297.2471814,84.55761918,493.3374202,53.71272009,242.4509895,55.26861774,100.5788781,74.27781247,298.4705267,59.03247499,116.5234409,93.26331573,2834.882667,121.1263802,89.16231109,6.082918493,98.90793479,418.492422,9.073162359,,34.24657534,0,,83.91,Africa,Western Africa,Least Developed,Africa,18884462,3,0.52,45%+,0.04,1-4%,8168695870,8,NER,Correspondent member,Affiliate Country,-0.71,0.198,,7,46.66666667,,83.91
122,Nigeria,Nigeria,31.4920439,50.8233333,62.6298558,46.45314638,3527.887923,0,466.5876541,73.85050035,390.2988132,63.7447499,307.9388514,42.1505674,161.1607147,58.50283362,311.4233699,56.94944039,138.9348461,91.8559274,5548.923388,233.7593017,78.57728734,10.93191379,98.03739558,2979.834679,41.07367376,26.35869565,27.39726027,31.13854595,,34.98,Africa,Western Africa,Developing,Africa,181839400,1,0.43,40-45%,0.03,1-4%,5.68508E+11,2,NGA,Member body,Associate Member,-1.01,0.425,3.27,10,66.66666667,,34.98
123,Norway,Norway,95.1745171,97.215,91.6353961,94.64675777,275.3951213,99.48782221,812.2047873,51.99769897,68.10681568,95.11396011,50.2723653,93.76443655,9.964199916,97.87307985,102.0158967,90.625677,30.87737073,98.64170582,1384.282959,35.44446848,97.21453116,0.001933229,99.99965293,102832.2587,98.80330792,91.30434783,92.92237443,97.66803841,,94.43,Europe,Northern Europe,Developed,European,5194411,6,0.18,15-19%,0.16,15-19%,4.99817E+11,2,NOR,Member body,Full Member,1.86,0.91,5.66,15,100,,94.43
124,Oman,Oman,60.5414514,71.3739682,86.2947596,71.97677188,2548.605711,29.95445664,139.1248513,94.55543336,229.3228382,79.41766927,38.42225049,96.13816502,13.44983002,96.96545234,151.3700782,82.6886962,12.80150062,99.77683181,3167.833468,33.27599145,97.41832043,1.460417059,99.7378116,20011.34778,72.1199781,59.23913043,55.25114155,55.55555556,71.42857138,69.36,Asia,Western Asia,Developing,Eastern Mediterrainian,4201000,6,0.22,20-24%,0.03,1-4%,81796618986,4,OMN,Member body,Full Member,0.21,0.603,4.48,11,73.33333333,0.818181818,69.36
125,Pakistan,Pakistan,27.9790608,50.357619,69.4223124,46.07504822,1144.637036,72.89929755,341.5280542,81.75781262,361.5287291,66.54585862,204.8918006,62.79220022,342.8168776,11.20116219,139.498245,84.59788625,255.8772643,84.51219357,3182.046518,352.9235737,67.37845993,38.34493759,93.11594059,1281.987908,27.32354099,28.5326087,32.19178082,23.86831276,57.14285708,13.93,Asia,Southern Asia,Developing,Eastern Mediterrainian,199047300,1,0.36,35-39%,0.04,1-4%,2.43632E+11,3,PAK,Member body,Full Member,-0.8,0.372,3.35,12,80,0.727272727,13.93
126,Panama,Panama,58.8918082,53.3442857,89.5794417,65.53154113,988.9801608,77.66055744,173.9750941,92.35190998,300.6781611,72.47038274,34.79379009,96.86499172,19.71570694,95.33387295,134.1612719,85.4561611,144.1190768,91.5303688,1859.336976,61.90504186,94.72781773,1.008672603,99.8189132,11206.42471,62.66779987,52.17391304,57.76255708,62.96296296,37.14285711,62.89,Americas,Central America,Developing,Americas,3980000,7,0.28,25-29%,0.08,5-9%,46212600000,5,PAN,Member body,Affiliate Country,0.32,0.657,4.22,9,60,0.6,62.89
127,Papua New Guinea,Papua New Guinea,31.36702,62.1933333,93.0510305,56.62124666,1088.919454,74.60359675,53.01527293,100,95.87606895,92.41029413,70.59522776,89.69350913,12.6892474,97.16350139,89.80270808,92.58976273,87.09253676,95.11151358,1535.454199,24.16562451,98.27449506,13.29805845,97.61260208,2108.831643,35.4374751,,34.24657534,24.4170096,,77.72,Oceania,Melanesia,Developing,Western Pacific,7744600,5,0.39,35-39%,0.03,1-4%,16928577232,6,PNG,Correspondent member,Affiliate Country,-0.71,0.376,,7,46.66666667,,77.72
128,Paraguay,Paraguay,40.1209812,62.1933333,88.6255257,60.47252015,1222.145628,70.5284511,177.5153106,92.12806793,194.0623627,82.85069454,73.77344328,89.0568722,13.41839837,96.97363687,120.5144072,87.65080601,116.5181552,93.26364766,2080.430028,161.3344208,85.38363733,1.147902228,99.79391733,4469.245274,47.6817728,29.07608696,30.3652968,53.36076818,,77.72,Americas,South America,Developing,Americas,7020000,5,0.33,30-34%,0.05,5-9%,30880859580,5,PRY,Correspondent member,Affiliate Country,-0.88,0.587,3.37,7,46.66666667,,77.72
129,Peru,Peru,48.722765,43.3428571,82.0374792,55.74688304,832.8887159,82.43511003,183.4516019,91.75272602,141.2787348,87.98980641,47.92521844,94.23459987,28.08172666,93.1554348,201.9342716,74.55712518,455.5866049,71.97087398,2251.057292,73.76532455,93.61321135,286.1450935,48.62842538,6620.629668,54.08803836,29.61956522,47.26027397,63.92318244,21.42857138,48.6,Americas,South America,Developing,Americas,31151643,3,0.29,25-29%,0.06,5-9%,2.02596E+11,3,PER,Member body,Affiliate Country,-0.14,0.664,3.39,9,60,0.5,48.6
130,Philippines,Philippines,46.7980091,84.9288889,87.0029529,70.18951976,586.8683339,89.96042477,119.2460092,95.81233977,347.8418485,67.8784387,29.43587356,97.93825044,9.664220553,97.95119184,75.54520177,94.88260905,90.3040901,94.9098349,1615.866601,84.54646887,92.60002029,272.4145544,51.09346648,2788.377358,39.99108171,38.85869565,51.82648402,56.51577503,100,68.12,Asia,South-Eastern Asia,Developing,Western Pacific,102965300,1,0.34,30-34%,0.04,1-4%,2.84777E+11,2,PHL,Member body,Full Member,0.06,0.61,3.73,13,86.66666667,1,68.12
131,Poland,Poland,67.5324016,78.635,84.4410503,76.54095983,720.5199952,85.87226423,1134.047479,31.64811631,128.8517106,89.19972452,56.28704153,92.55962052,34.70013187,91.43206014,147.1589325,83.36591911,81.05498377,95.490659,2410.561576,107.9374354,90.40178257,0.003866178,99.99930591,13829.16214,66.09601375,51.35869565,66.66666667,86.00823045,,57.27,Europe,Eastern Europe,Developed,European,38478001,2,0.15,15-19%,0.15,15-19%,5.44967E+11,2,POL,Member body,Full Member,0.71,0.825,4.19,15,100,,57.27
132,Portugal,Portugal,72.2347192,98.1433333,91.0871799,86.4346776,619.5681454,88.96019718,517.1684336,70.65236107,33.87256386,98.44707034,41.9678467,95.42793708,14.18425245,96.77421518,74.49303591,95.05181498,55.20936499,97.1137086,1603.177648,246.6846135,77.36259158,0.029391697,99.99472331,21507.7112,73.29555822,64.40217391,78.53881279,72.70233196,100,94.43,Europe,Southern Europe,Developed,European,10349000,5,0.14,10-14%,0.19,15-19%,2.30117E+11,3,PRT,Member body,Full Member,1.23,0.728,4.67,15,100,1,94.43
133,Qatar,Qatar,78.9295086,51.0616667,89.7541691,71.25188179,1224.430049,70.45857482,218.7754384,89.51925809,95.18554346,92.47752497,63.8353539,91.0475977,14.26364638,96.7535417,189.7181374,76.52168461,25.56609502,98.97524258,1922.271386,90.41890116,92.04814048,0.078221694,99.98595687,96719.32873,97.80421784,76.08695652,74.88584475,66.94101509,,28.79,Asia,Western Asia,Developing,Eastern Mediterrainian,2394524,7,0.15,15-19%,0.01,1-4%,2.10109E+11,3,QAT,Member body,Full Member,1.07,0.686,5.1,11,73.33333333,,28.79
134,Republic of Korea,South Korea,82.4446654,93.81,91.8460138,89.22584495,626.2742211,88.75507055,441.932652,75.40939548,87.21881742,93.25318019,52.24790157,93.36871155,18.11283867,95.75124579,135.8405951,85.18609774,56.56528426,97.02855977,1446.356495,27.73339482,97.93920292,0.430790472,99.92266027,25997.88066,76.38650011,85.86956522,76.02739726,91.4951989,100,81.43,Asia,Eastern Asia,Developing,Western Pacific,50713867,2,0.14,10-14%,0.13,10-14%,1.41038E+12,1,KOR,Member body,Full Member,1.12,0.865,5.46,15,100,1,81.43
135,Republic of Moldova,Moldova,45.5091014,31.305,79.4320715,48.36924246,782.932844,83.96316903,388.1230852,78.81168565,342.3055858,68.4174595,158.4776109,72.08955181,167.5765361,56.83221,140.4000377,84.45286284,265.3194967,83.91924156,2395.571837,150.3743761,86.4136411,0.06226413,99.98882173,2243.979662,36.4501125,41.84782609,41.32420091,62.41426612,,22.61,Europe,Eastern Europe,Developed,European,4109000,7,0.16,15-19%,0.1,10-14%,7962423552,8,MDA,Correspondent member,Associate Member,-0.4,0.653,3.84,6,40,,22.61
136,Romania,Romania,56.6631582,83.595,83.4632193,73.39369234,553.0443585,90.99503848,1066.595864,35.9129707,165.466776,85.63481387,68.59068898,90.0950437,58.59187786,85.21085905,172.4553187,79.29783561,113.2044584,93.47174073,2304.100542,105.9293705,90.59049662,0.221829774,99.96017494,9489.693009,59.95706462,42.39130435,48.85844749,75.44581619,,67.19,Europe,Eastern Europe,Developed,European,19838662,3,0.16,15-19%,0.17,15-19%,1.99044E+11,3,ROU,Member body,Full Member,-0.07,0.748,3.86,15,100,,67.19
137,Russian Federation,Russian Federation,59.6637546,54.1742857,75.0881626,62.37708617,1079.566204,74.88969561,434.2089785,75.89775061,473.4855605,55.64553395,273.5391798,49.04125845,129.2424123,66.81407959,182.2249447,77.72671577,241.4152843,85.42037499,2922.078825,108.3891498,90.35933133,0.007111494,99.99872327,14487.27987,66.85392375,49.72826087,42.23744292,79.83539095,57.14285708,25.38,Europe,Eastern Europe,Developed,European,144302000,1,0.16,15-19%,0.13,10-14%,1.8606E+12,1,RUS,Member body,Full Member,-0.36,0.78,4.13,12,80,0.727272727,25.38
138,Rwanda,Rwanda,35.8320346,37.43,80.2806607,47.57375277,1494.772391,62.18929569,149.8654576,93.87632254,318.6243132,70.7231121,194.7170361,64.83033475,41.78105716,89.5882493,360.0947856,49.1222598,59.10441904,96.86910754,2674.450624,55.4523904,95.33422542,0.038774128,99.99303889,678.9981669,16.96273835,37.5,50.456621,38.40877915,,14.86,Africa,Eastern Africa,Least Developed,Africa,11331300,4,0.41,40-45%,0.03,1-4%,7890190337,8,RWA,Member body,Affiliate Country,0,0.478,3.68,9,60,,14.86
139,Saint Lucia,Saint Lucia,62.5800131,71.335,88.9041621,73.48862746,723.1812481,85.79086136,224.5942105,89.15134672,210.6541589,81.2352865,74.46011189,88.91932376,16.51882314,96.16631345,212.9291201,72.78896899,112.0270403,93.54568007,1654.189985,73.93373758,93.59738421,5.891534836,98.94229386,7327.084343,55.74086605,,72.60273973,59.39643347,,82.67,Americas,Caribbean,Developing,Americas,175000,9,0.22,20-24%,0.09,5-9%,1404430564,10,LCA,Member body,Affiliate Country,0.97,0.631,,9,60,,82.67
140,Saint Vincent and the Grenadines,Saint Vincent and the Grenadines,62.6480195,58.0016667,85.7986081,67.8072327,860.5319985,81.58955243,223.2189276,89.23830359,281.9536855,74.2934324,89.16488583,85.97377081,23.75428225,94.28226337,276.5436791,62.55868013,153.5019902,90.9411419,1985.57706,76.81904353,93.32622875,0.088567176,99.98409955,6575.498106,53.97652933,,71.00456621,62.96296296,,82.67,Americas,Caribbean,Developing,Americas,110000,10,0.25,25-29%,0.06,5-9%,729309384,10,VCT,Subscriber member,Affiliate Country,0.9,0.657,,5,33.33333333,,82.67
141,Sao Tome and Principe,Sao Tome and Principe,34.2310437,40.715,88.9894944,49.86981684,751.2837193,84.93125802,226.4579607,89.03350487,165.3892081,85.64236603,20.66221132,99.6957264,39.67201785,90.13742464,311.7992528,56.88899211,73.43323121,95.96928877,1609.326293,20.62869128,98.60688919,0,100,1703.445393,31.95727604,,33.56164384,37.17421125,,81.43,Africa,Middle Africa,Least Developed,Africa,195570,9,0.42,40-45%,0.04,1-4%,337413478,10,STP,Non Member,Non Member,-0.74,0.469,,0,0,,81.43
142,Saudi Arabia,Saudi Arabia,66.9592948,44.5733333,88.3830067,64.1334966,1716.522708,55.40635797,273.1593453,86.08065334,164.544373,85.72462074,50.37907498,93.74306124,20.15967371,95.2182679,128.1457669,86.42355528,17.68161076,99.47037133,2446.590383,75.72627784,93.42892475,0.27155306,99.95124813,24646.02087,75.51597323,68.47826087,51.82648402,72.01646091,,2.48,Asia,Western Asia,Developing,Eastern Mediterrainian,31565109,2,0.3,30-34%,0.03,1-4%,7.46249E+11,1,SAU,Member body,Full Member,0.06,0.723,4.82,13,86.66666667,,2.48
143,Senegal,Senegal,28.6804356,65.445,83.8641837,53.99409253,1336.123029,67.0420903,281.9370137,85.52565584,301.6857248,72.37228447,114.3019384,80.93849998,48.84909564,87.74779408,213.1266832,72.75719753,86.41586322,95.15400724,2459.544065,76.41206598,93.36447571,0.692651595,99.87564839,1040.127724,23.91527934,27.98913043,39.49771689,23.31961591,,70.89,Africa,Western Africa,Least Developed,Africa,14690400,4,0.42,40-45%,0.04,1-4%,15657551477,6,SEN,Member body,Affiliate Country,-0.48,0.368,3.33,9,60,,70.89
144,Serbia,Serbia,51.9525139,76.7484127,92.6242842,71.74642703,469.082064,93.56329192,656.8826908,61.81845899,77.48649846,94.20073681,31.95383036,97.43387171,12.58556442,97.19049952,81.45242924,93.93262772,25.57163771,98.97489451,1398.017,43.00128987,96.50435572,0.000995512,99.99982128,6353.826383,53.4174782,38.04347826,48.17351598,68.17558299,71.42857138,72.15,Europe,Southern Europe,Developed,European,7097190,5,0.14,10-14%,0.18,15-19%,43866423167,5,SRB,Member body,Full Member,-0.1,0.695,3.7,13,86.66666667,0.818181818,72.15
145,Seychelles,Seychelles,56.46309,56.4222222,88.3200436,65.52766628,671.6778227,87.3662572,222.4908889,89.28433628,571.8207843,46.07143425,55.23101718,92.77115561,12.09651641,97.31784334,111.7046627,89.0675608,78.36234904,95.65975071,1755.279983,29.48850838,97.77426075,2.407433578,99.5677939,15695.59289,68.15987077,40.76086957,56.84931507,60.08230453,100,22.6,Africa,Eastern Africa,Developing,Africa,92833,10,0.22,20-24%,0.08,5-9%,1422608276,9,SYC,Correspondent member,Affiliate Country,0.28,0.636,3.8,7,46.66666667,1,22.6
146,Sierra Leone,Sierra Leone,16.2360284,61.2633333,74.5212807,42.00686248,1947.608325,48.33787045,323.6450835,82.88852337,471.7807895,55.81151362,194.86382,64.80093208,87.70161247,77.63093949,286.5648717,60.94710415,164.7553434,90.23445538,3588.14391,110.6077828,90.1508285,0.616281253,99.88935914,797.6024353,19.58724929,6.25,24.42922374,14.6776406,,75.86,Africa,Western Africa,Least Developed,Africa,6502960,6,0.41,40-45%,0.03,1-4%,4837512587,8,SLE,Correspondent member,Affiliate Country,-1.14,0.305,2.53,7,46.66666667,,75.86
147,Singapore,Singapore,91.0631375,90.7133333,96.74518,92.79993898,258.6508149,100,353.4771366,81.00229184,17.92248076,100,25.56074723,98.71448745,3.736797093,99.49464092,86.60007845,93.10479933,23.64860255,99.095657,782.9060429,13.30938531,99.29474339,0,100,55979.75705,88.88983291,99.45652174,97.71689498,78.18930041,100,72.14,Asia,South-Eastern Asia,Developing,Western Pacific,5541121,6,0.16,15-19%,0.11,10-14%,3.0786E+11,2,SGP,Member body,Full Member,2.07,0.768,5.96,15,100,1,72.14
148,Slovakia,Slovakia,66.5983816,92.3666667,86.2441669,80.95361109,523.18521,91.90837537,1061.992896,36.20400877,109.6273811,91.07144088,40.17699491,95.78666743,21.55077304,94.85603784,186.1338521,77.09809784,74.34237111,95.91219673,2093.443201,76.41311009,93.36437759,0.02061198,99.99629954,18050.17245,70.43850629,44.83695652,68.26484018,82.85322359,100,77.1,Europe,Eastern Europe,Developed,European,5424051,6,0.15,15-19%,0.14,10-14%,1.00249E+11,4,SVK,Member body,Full Member,0.78,0.802,3.95,15,100,1,77.1
149,Slovenia,Slovenia,74.926091,89.9283333,81.96907,82.04646534,703.0195493,86.40757095,1424.195237,13.30255205,49.95598908,96.88115824,27.88580273,98.24874931,14.59649965,96.66686963,312.841047,56.72145412,53.69892774,97.20856083,2674.087008,87.88559298,92.28621587,0.008362271,99.99849872,23296.57769,74.59801637,60.59782609,73.28767123,91.22085048,,93.19,Europe,Southern Europe,Developed,European,2064000,7,0.15,15-19%,0.18,15-19%,49491440620,5,SVN,Member body,Full Member,1,0.863,4.53,13,86.66666667,,93.19
150,Solomon Islands,Solomon Islands,30.9561223,35.455,89.2918681,46.10471243,824.5298909,82.69079124,86.52500312,97.88123502,216.816453,80.63531412,69.02738001,90.00756894,31.26141142,92.32747278,114.9245899,88.54974246,52.33237134,97.29437765,1607.293091,137.1431249,87.65708846,74.73286596,86.58322268,1889.991818,33.65138747,,30.82191781,28.39506173,,70.91,Oceania,Melanesia,Least Developed,Western Pacific,641900,8,0.39,35-39%,0.03,1-4%,1158183054,10,SLB,Non Member,Non Member,-0.86,0.405,,0,0,,70.91
151,Somalia,Somalia,6.325897653,34.515,76.0628539,25.51335381,1193.884039,71.39292155,163.6053987,93.00756872,390.895332,63.68667172,401.3816692,23.43278441,94.19506036,75.94010262,242.0804088,68.10095246,73.73106809,95.95058525,2620.589637,40.05725413,96.7810305,20.75940683,96.27306761,521.2230393,12.65179531,,0,,,69.03,Africa,Eastern Africa,Least Developed,Eastern Mediterrainian,11123000,4,0.47,45%+,0.03,1-4%,5707000000,8,SOM,Non Member,Non Member,-2.21,,,0,0,,69.03
152,South Africa,South Africa,56.4604992,90.7166667,81.1711523,74.63533784,1019.217159,76.73566282,219.2886796,89.48680669,173.1326453,84.88845062,168.6964956,70.04257944,33.68675976,91.69593335,458.9584109,33.22332942,176.6099185,89.49001341,2308.720884,59.00295426,95.0005503,0.127861503,99.97704505,6886.290406,54.72939791,42.66304348,60.2739726,68.17558299,100,72.15,Africa,Southern Africa,Developing,Africa,55041000,2,0.3,30-34%,0.06,5-9%,3.50085E+11,2,ZAF,Member body,Full Member,0.43,0.695,3.87,15,100,1,72.15
153,South Sudan,South Sudan,20.101912,6.6666667,73.7944749,21.46462567,1641.34653,57.70586013,210.0412275,90.07150784,422.137987,60.64482891,350.8926132,33.54638346,104.8237695,73.17247999,284.5458499,61.27179675,114.6599161,93.3803411,3194.29792,65.85002723,94.35707565,0,100,1030.613057,23.76546774,,16.43835616,,,,Africa,Eastern Africa,Least Developed,Africa,12152000,4,0.42,40-45%,0.03,1-4%,13282084042,7,SSD,Non Member,Affiliate Country,-1.49,,,1,6.666666667,,
154,Spain,Spain,74.2945586,90.7166667,92.4661969,85.41661609,360.4015232,96.88763143,751.256598,55.85135247,42.23941261,97.63245843,23.42947424,99.14140849,11.49022039,97.4757175,88.32276291,92.82776275,70.94676819,96.12543333,1393.717216,45.5923069,96.26085696,0.038150024,99.99315093,29880.71284,78.65572803,60.05434783,76.71232877,81.7558299,100,72.15,Europe,Southern Europe,Developed,European,46368000,2,0.15,15-19%,0.18,15-19%,1.38134E+12,1,ESP,Member body,Full Member,1.15,0.794,4.51,15,100,1,72.15
155,Sri Lanka,Sri Lanka,51.2144819,59.73,87.3393009,64.40679226,908.3179621,80.12786697,305.440918,84.03954273,117.9996012,90.25630601,97.64427186,84.27524211,20.19340714,95.20948401,217.1890016,72.10390854,14.52003143,99.66891175,1873.196105,166.8820527,84.86228164,25.0088595,95.51016418,3281.068664,42.64359162,42.93478261,45.20547945,74.07407407,,59.46,Asia,Southern Asia,Developing,South-East Asia,20868800,3,0.25,25-29%,0.08,5-9%,78823610057,4,LKA,Member body,Associate Member,-0.23,0.738,3.88,9,60,,59.46
156,State of Palestine,State of Palestine,63.648834,46.6666667,94.4519216,65.46402094,634.8111541,88.49394135,148.8003956,93.94366465,126.436249,89.43489834,45.4923183,94.72194066,13.38708026,96.98179183,72.83355626,95.31868717,39.27376117,98.11443045,1150.705237,58.68235324,95.03067977,10.98836892,98.0272602,,,,,63.64883402,,,Asia,Western Asia,Developing,,,,,,,,0,,PSE,Correspondent member,Affiliate Country,,0.662,,7,46.66666667,,
157,Sudan,Sudan,20.8375102,33.715,85.3244796,39.13640045,1143.204878,72.94310465,191.7403428,91.2286426,204.6117492,81.82358671,116.8592043,80.42624714,94.28488039,75.91671427,175.5461839,78.80077261,41.3820824,97.98203239,2065.402208,67.87506194,94.16676681,29.89782527,94.63244907,1726.094471,32.17260156,,15.52511416,14.81481481,,7.43,Africa,Northern Africa,Least Developed,Eastern Mediterrainian,40883900,2,0.43,40-45%,0.03,1-4%,73814947341,4,SDN,Member body,Affiliate Country,-1.53,0.306,,9,60,,7.43
158,Suriname,Suriname,46.80259,63.7383333,82.3861721,62.63854169,1198.11933,71.26337173,231.4270449,88.71931787,350.4272948,67.62671485,118.7911837,80.03924714,29.99975789,92.65599629,273.9086899,62.98243062,235.6511641,85.78234942,2524.784526,86.29566939,92.43563381,0.164390684,99.97048697,9933.054417,60.70144888,22.55434783,50.456621,53.49794239,,80.81,Americas,South America,Developing,Americas,576000,8,0.28,25-29%,0.06,5-9%,5210303030,8,SUR,Correspondent member,Affiliate Country,0,0.588,3.13,7,46.66666667,,80.81
159,Swaziland,Swaziland,34.9054997,40.8233333,63.947518,44.99960191,1914.320733,49.35607717,328.3662122,82.59001418,363.2250541,66.38070128,356.6791542,32.38726582,137.4425972,64.67882337,625.4514827,6.448448879,272.2508076,83.48397006,4107.462295,109.3602629,90.268068,0.365991603,99.9342936,2822.733712,40.19071738,10.59782609,40.4109589,48.42249657,,34.98,Africa,Southern Africa,Developing,Africa,1286000,8,0.37,35-39%,0.04,1-4%,4412891830,8,SWZ,Correspondent member,Affiliate Country,-0.44,0.551,2.69,7,46.66666667,,34.98
160,Sweden,Sweden,92.1296345,98.1433333,90.5253909,93.54276158,344.3259036,97.37935531,920.5235554,45.14888189,45.30872991,97.33362401,47.77648281,94.2643935,8.652145646,98.21472727,85.56278613,93.27161334,34.86646616,98.39119915,1591.506314,104.4783268,90.7268629,0.011917928,99.99786038,60364.9094,90.1193045,98.09782609,93.60730594,86.69410151,100,94.43,Europe,Northern Europe,Developed,European,9804792,5,0.17,15-19%,0.2,20-26%,5.7109E+11,2,SWE,Member body,Full Member,1.89,0.83,5.91,15,100,1,94.43
161,Switzerland,Switzerland,91.8367537,94.12,82.8849002,89.4797208,501.7977392,92.56257909,1548.92339,5.416196624,26.97679169,99.1184555,30.63274886,97.69850111,8.051427273,98.37114907,262.0321799,64.89237278,34.23190975,98.43104794,2530.417489,117.7267073,89.48180576,0.044594511,99.99199396,84732.95726,95.64730449,91.30434783,91.78082192,88.61454047,,88.24,Europe,Western Europe,Developed,European,8292851,5,0.15,15-19%,0.18,15-19%,7.01037E+11,1,CHE,Member body,Full Member,1.81,0.844,5.66,15,100,,88.24
162,Syrian Arab Republic,Syria,34.2799293,40.2866667,94.7565982,50.76958008,579.2412652,90.19372289,113.5575494,96.1720117,56.20707737,96.2725407,47.26031895,94.36778768,41.97298444,89.53827312,104.7372374,90.18803973,16.11544503,99.56872319,1002.012433,42.87779787,96.51596126,0.042757371,99.99232378,,,,19.8630137,48.69684499,,27.24,Asia,Western Asia,Developing,Eastern Mediterrainian,17065000,4,0.33,30-34%,0.04,1-4%,40405006007,5,SYR,Member body,Non Member,-1.34,0.553,,8,53.33333333,,27.24
163,"Taiwan, Province of China",Taiwan,81.8834376,57.27,93.5822759,75.99277159,821.7950496,82.77444504,360.5065529,80.55783344,85.71291288,93.39979785,29.32355433,97.9607494,18.58344264,95.62870465,61.84806016,97.08533933,56.04716029,97.06109685,1463.256299,29.36542019,97.78582834,0.074146544,99.98668848,,,86.14130435,77.62557078,,,57.27,Asia,Eastern Asia,Developing,Western Pacific,23468000,3,0.14,10-14%,0.12,10-14%,5.46E+11,2,,,,1.19,,5.47,,,,57.27
164,Tajikistan,Tajikistan,34.3108858,42.975,76.1711304,48.24801,446.6844609,94.24839375,547.5794097,68.72952521,679.1493733,35.62172385,277.6309484,48.22162524,111.877606,71.33572284,166.9434539,80.18423599,80.60369707,95.51899884,2404.340434,93.36038746,91.7717053,0.511097066,99.90824284,1048.659569,24.04845524,26.90217391,25.79908676,60.49382716,,65.95,Asia,Central Asia,Developing,European,8452153,5,0.36,35-39%,0.03,1-4%,9241627841,7,TJK,Correspondent member,Non Member,-1.08,0.639,3.29,3,20,,65.95
165,Thailand,Thailand,51.4121286,86.075,85.5458774,72.34034359,1715.648295,55.43310467,198.7059562,90.78821835,388.7423296,63.89629203,30.56583213,97.71190539,21.16897323,94.95545516,162.3411996,80.92435573,41.96600955,97.94536301,2687.608359,125.9684466,88.70726307,2.50131643,99.55093913,5741.207122,51.76464174,42.39130435,55.25114155,56.24142661,,72.15,Asia,South-Eastern Asia,Developing,South-East Asia,65121250,1,0.18,15-19%,0.11,10-14%,4.04824E+11,2,THA,Member body,Full Member,0.21,0.608,3.86,15,100,,72.15
166,The former Yugoslav Republic of Macedonia,Macedonia,50.8335937,85.3822222,89.0320986,72.83748794,463.5083458,93.73378179,828.7831,50.94947959,58.92760043,96.00766553,27.16690072,98.39275451,19.93532185,95.27668716,139.7073229,84.56426301,14.56775953,99.66591453,1742.479973,189.8567654,82.70316265,0.026855944,99.99517856,5195.278822,50.13574545,43.20652174,49.08675799,60.90534979,100,89.48,Europe,Southern Europe,Developed,European,2070100,7,0.17,15-19%,0.13,10-14%,11323769141,7,MKD,Member body,Associate Member,-0.06,0.642,3.89,10,66.66666667,1,89.48
167,Timor-Leste,Timor-Leste,24.380346,40.715,86.8019213,44.1680149,907.8974545,80.14072953,134.2049137,94.8665129,459.7491695,56.98293445,109.74444,81.85142478,27.37607841,93.33917942,147.7748816,83.26686416,92.17087959,94.79260451,1927.381738,48.30090714,96.00630796,0.163013618,99.9707342,1243.995055,26.83310904,11.41304348,21.68949772,37.58573388,,81.43,Asia,South-Eastern Asia,Least Developed,South-East Asia,1244759,8,0.42,40-45%,0.05,5-9%,1417000000,9,TLS,Non Member,Non Member,-1.26,0.472,2.72,0,0,,81.43
168,Togo,Togo,26.0558427,64.6683333,82.9962617,51.90610501,1382.91728,65.61073951,262.017598,86.78512765,321.5315139,70.44006165,139.0848615,75.97416577,53.63671016,86.50114125,200.9339553,74.71799283,89.38735633,94.96740382,2540.648109,91.01306079,91.99230251,0.125773088,99.97741998,626.1728171,15.64239527,,19.17808219,43.34705075,,82.67,Africa,Western Africa,Least Developed,Africa,7231000,5,0.42,40-45%,0.03,1-4%,4518443477,8,TGO,Correspondent member,Affiliate Country,-1.37,0.514,,7,46.66666667,,82.67
169,Tonga,Tonga,54.6133442,14.395,80.6836081,39.88092754,781.8359836,83.99671999,123.3685767,95.55167662,428.6387001,60.01190743,149.5877902,73.87029578,51.36855318,87.09174944,183.4907601,77.5231514,325.1449859,80.16232875,2388.663073,343.3919051,68.27422768,1.835818595,99.67041583,4117.31098,46.3446834,,45.89041096,71.60493827,,28.79,Oceania,Polynesia,Developing,Western Pacific,103300,10,0.37,35-39%,0.06,5-9%,434380117,10,TON,Non Member,Non Member,-0.2,0.72,,0,0,,28.79
170,Trinidad and Tobago,Trinidad and Tobago,65.9376213,70.2785714,86.894173,73.84406881,1076.702333,74.9772962,230.951092,88.74941159,241.3084964,78.25072337,84.31654832,86.94495438,21.66543989,94.8261796,206.6626729,73.79671888,151.145195,91.0891436,2088.61187,75.82245804,93.41988593,0.037634545,99.99324348,18122.74721,70.50392126,,58.44748858,68.86145405,84.28571428,66.55,Americas,Caribbean,Developing,Americas,1351000,8,0.21,20-24%,0.09,5-9%,28882663254,6,TTO,Member body,Affiliate Country,0.35,0.7,,9,60,0.9,66.55
171,Tunisia,Tunisia,51.8657678,76.385,87.5226521,70.25379479,1246.78315,69.77483424,148.5767792,93.95780355,99.04086681,92.10216354,55.90515449,92.63611735,23.0751083,94.45911431,352.8580114,50.28605456,13.43176049,99.73725284,2000.808427,60.56002466,94.85421985,0.577571984,99.89630861,4316.796402,47.1159909,,50.456621,58.02469136,,72.77,Africa,Northern Africa,Developing,Eastern Mediterrainian,11026000,4,0.23,20-24%,0.08,5-9%,48612652412,5,TUN,Member body,Associate Member,0,0.621,,12,80,,72.77
172,Turkey,Turkey,58.9207111,82.1747619,91.5872591,76.25713747,699.1138902,86.52703794,181.1339775,91.89926559,79.73593092,93.98172789,31.26662756,97.57152716,27.75161175,93.24139383,220.7572151,71.53007992,46.13778556,97.68338439,1374.404843,84.10314151,92.64168334,4.404663009,99.20923168,10975.07493,62.32772977,52.17391304,58.90410959,62.27709191,85.71428569,80.81,Asia,Western Asia,Developing,European,78215000,1,0.24,20-24%,0.08,5-9%,7.98429E+11,1,TUR,Member body,Full Member,0.37,0.652,4.22,12,80,0.909090909,80.81
173,Turkmenistan,Turkmenistan,47.7055974,25.4083333,71.8734937,44.33071719,832.2258171,82.45538689,484.3624251,72.72663089,713.0076902,32.32521534,365.1864309,30.68315027,97.3261671,75.12478989,267.383699,64.03175868,119.5042213,93.07612909,2922.377491,43.02704206,96.50193558,0.353998152,99.93644678,7826.773607,56.81636203,,20.3196347,65.98079561,,24.15,Asia,Central Asia,Developing,European,5373000,6,0.28,25-29%,0.04,1-4%,47931929825,5,TKM,Correspondent member,Affiliate Country,-1.32,0.679,,4,26.66666667,,24.15
174,Uganda,Uganda,29.9529109,41.92,74.9261233,45.48112414,1913.540923,49.37993014,112.0518026,96.26721758,368.2602084,65.89046932,256.7720997,52.39991751,130.6364713,66.45107886,336.9933663,52.83735578,123.0041031,92.856344,3257.130744,6.507386942,99.93398202,9.364381695,98.31881432,675.4433134,16.87716531,27.17391304,37.21461187,38.54595336,,23.84,Africa,Eastern Africa,Least Developed,Africa,40141000,2,0.48,45%+,0.02,1-4%,26998477289,6,UGA,Member body,Affiliate Country,-0.58,0.479,3.3,9,60,,23.84
175,Ukraine,Ukraine,51.5759436,68.5633333,76.2929059,64.61615141,887.7880935,80.7558382,514.2116563,70.83931323,412.1568865,61.61660736,242.3589155,55.28706133,121.8217049,68.74636671,204.3856468,74.1629029,189.3907859,88.68740226,2721.134783,149.0192412,86.54099405,0.001852468,99.99966743,4029.715504,45.99411417,42.66304348,35.61643836,82.03017833,,50.46,Europe,Eastern Europe,Developed,European,42828300,2,0.15,15-19%,0.15,15-19%,1.31805E+11,3,UKR,Member body,Full Member,-0.65,0.796,3.87,13,86.66666667,,50.46
176,United Arab Emirates,United Arab Emirates,75.6873485,41.9316667,89.8600717,65.82295759,1501.690327,61.97768865,185.2816866,91.63701278,126.0651092,89.4710332,57.4110204,92.33447328,25.19718505,93.90654413,119.3325028,87.84087608,16.33095873,99.55518939,2122.001149,90.63843264,92.02750934,0.053926951,99.9903185,44506.76359,85.15095471,75.27173913,77.16894977,65.15775034,,10.53,Asia,Western Asia,Developing,Eastern Mediterrainian,9577000,5,0.16,15-19%,0.01,1-4%,3.99451E+11,2,ARE,Member body,Full Member,1.17,0.673,5.07,11,73.33333333,,10.53
177,United Kingdom of Great Britain and Northern Ireland,United Kingdom,87.426869,94.2233333,92.862696,91.45656641,272.4566758,99.5777039,739.4312165,56.59905184,19.5447266,99.84205514,33.21651034,97.18094088,11.98200597,97.34766085,100.9107378,90.8034051,48.35175151,97.54435207,1265.010149,39.11249923,96.86981673,0.004025522,99.9992773,41776.75948,84.11901357,90.76086957,84.01826484,90.80932785,100,82.67,Europe,Northern Europe,Developed,European,65092000,1,0.18,15-19%,0.17,15-19%,2.98889E+12,1,GBR,Member body,Full Member,1.47,0.86,5.64,15,100,1,82.67
178,United Republic of Tanzania,Tanzania,26.3306468,72.7366667,81.246717,53.78653671,844.2113054,82.08877267,265.2647267,86.57981705,379.0504341,64.83991294,257.6558791,52.22288527,55.31162097,86.06500917,217.2761906,72.08988709,89.47820117,94.96169896,2195.109917,86.74487074,92.39341874,0.116687857,99.97905105,927.0601337,22.03922359,16.84782609,35.15981735,31.27572016,,72.14,Africa,Eastern Africa,Least Developed,Africa,52291000,2,0.45,40-45%,0.03,1-4%,48056680982,5,TZA,Member body,Affiliate Country,-0.67,0.426,2.92,11,73.33333333,,72.14
179,United States of America,United States of America,89.1196104,94.2233333,89.2744749,90.84192931,798.4674609,83.48799343,464.6115702,73.97544488,72.21822155,94.71366601,65.36722752,90.74074396,29.09006795,92.89287157,141.4077156,84.29081132,78.28105478,95.66485581,1785.175843,134.730007,87.8838686,1.002517035,99.82001831,52980.04363,87.99199543,88.85869565,84.70319635,94.92455418,100,82.67,Americas,North America,Developed,Americas,321234172,1,0.19,15-19%,0.15,15-19%,1.7419E+13,1,USA,Member body,Full Member,1.5,0.89,5.57,15,100,1,82.67
180,Uruguay,Uruguay,62.5534224,82.7466667,86.5792281,76.52531003,771.7922779,84.30393862,398.4272479,78.16017043,148.878251,87.24990342,72.0709145,89.39791033,24.83657306,94.00044433,294.5593351,59.66146025,137.2576513,91.96125165,1912.282632,64.34702058,94.49832531,0.113360602,99.97964839,16879.45316,69.34531528,50.54347826,59.8173516,70.50754458,100,88.24,Americas,South America,Developing,Americas,3562000,7,0.21,20-24%,0.14,10-14%,57471030095,4,URY,Member body,Affiliate Country,0.41,0.712,4.16,9,60,1,88.24
181,Uzbekistan,Uzbekistan,41.5608886,26.2666667,76.5967701,43.7287183,853.1450115,81.81550689,525.5517702,70.12229653,570.8987448,46.16120573,205.9213993,62.58595853,74.38279651,81.09904234,249.6863918,66.87778273,72.77071273,96.01089351,2720.984271,168.6273416,84.69826277,0.000103099,99.99998149,1877.964512,33.54731437,,28.99543379,62.1399177,,19.2,Asia,Central Asia,Developing,European,31290791,2,0.28,25-29%,0.04,1-4%,62643953022,4,UZB,Member body,Non Member,-0.94,0.651,,5,33.33333333,,19.2
182,Vanuatu,Vanuatu,47.4414904,46.905,88.5276792,58.18604625,1034.744617,76.2607062,98.31601683,97.13570867,245.7410154,77.8191651,79.10357874,87.98917838,34.3726252,91.51734,130.5854509,86.03121314,78.27689342,95.66511714,1863.329239,150.8200462,86.37175789,11.36899598,97.9589263,3167.055303,42.06703476,,45.66210046,54.59533608,,93.81,Oceania,Melanesia,Least Developed,Western Pacific,277500,9,0.39,35-39%,0.04,1-4%,814954307,10,VUT,Non Member,Non Member,-0.21,0.596,,0,0,,93.81
183,Venezuela (Bolivarian Republic of),Venezuela,45.737496,10.6303174,88.1007392,34.98909608,1458.622282,63.29506159,175.5254027,92.25388652,168.9180752,85.29878898,34.71695429,96.8803829,17.71629843,95.85450139,211.2099112,73.06544664,121.0595078,92.97846043,2263.790333,74.60734438,93.53407995,1.414557442,99.74604477,12265.03114,64.13931166,27.98913043,24.42922374,66.39231824,5.71428566,19.51,Americas,South America,Developing,Americas,30620000,3,0.28,25-29%,0.06,5-9%,3.81286E+11,2,VEN,Non Member,Non Member,-1.14,0.682,3.33,1,6.666666667,0.4,19.51
184,Vietnam,Vietnam,39.9397673,70.4188889,84.5281904,61.94868473,1512.29548,61.65329636,247.3319067,87.71367969,524.5884539,50.67006151,21.03730631,99.62059011,19.04296632,95.50904871,152.1691004,82.56020002,37.6556644,98.21604347,2672.95321,149.3879315,86.50634525,9.444400558,98.30444855,1908.64034,33.81145202,39.13043478,43.60730594,43.20987654,100,44.59,Asia,South-Eastern Asia,Developing,Western Pacific,91714080,1,0.24,20-24%,0.07,5-9%,1.86205E+11,3,VNM,Member body,Associate Member,-0.3,0.513,3.74,10,66.66666667,1,44.59
185,Yemen,Yemen,20.0555026,39.4707937,80.4709154,39.93767548,1453.105752,63.46380218,201.9578451,90.58260678,289.1299793,73.59473513,201.7904173,63.41344668,102.0116968,73.90471905,202.5808821,74.45313936,27.80478439,98.83465767,2632.289522,152.8513683,86.18085817,1.056796852,99.81027346,1408.146193,28.85369463,8.967391304,23.05936073,19.34156379,14.28571431,37.46,Asia,Western Asia,Least Developed,Eastern Mediterrainian,26737000,3,0.41,40-45%,0.03,1-4%,35954502304,5,YEM,Member body,Affiliate Country,-1.2,0.339,2.63,10,66.66666667,0.454545455,37.46
186,Zambia,Zambia,37.5185514,64.6683333,82.4019812,58.47341535,758.6057341,84.70729095,101.8351784,96.91319788,342.0192292,68.44533971,212.2298062,61.32230452,120.1469859,69.18244884,214.7420367,72.49742157,86.12247419,95.17243144,1911.901565,76.11831832,93.39208155,0.081801561,99.98531418,1759.192902,32.48224107,24.18478261,39.49771689,53.90946502,,82.67,Africa,Eastern Africa,Least Developed,Africa,15473900,4,0.46,45%+,0.03,1-4%,27066230009,6,ZMB,Correspondent member,Affiliate Country,-0.48,0.591,3.19,7,46.66666667,,82.67
187,Zimbabwe,Zimbabwe,27.7881903,53.7314286,82.3502991,49.72612427,1160.139104,72.42511756,314.014209,83.49746768,274.9314071,74.97713444,195.1242271,64.74876923,74.95152551,80.9509503,162.9150308,80.83207404,56.3069433,97.04478303,2361.321963,95.87379057,91.53550054,27.06572515,95.14089547,905.5003242,21.65562133,23.64130435,24.42922374,41.4266118,85.71428569,15.48,Africa,Eastern Africa,Developing,Africa,17354000,3,0.43,40-45%,0.03,1-4%,14196912535,7,ZWE,Member body,Affiliate Country,-1.14,0.5,3.17,9,60,0.909090909,15.48
